timesteps,ent_coef,policy_loss,value_loss,entropy_loss,approx_kl,early_stopped,grad_norm,reward_mean,reward_std,avg_steps_survived,max_hover_streak,avg_final_dist,min_final_dist,std_final_dist,effective_std_mean,total_param_norm,outcome_oob,outcome_attitude-ROLL,outcome_attitude-PITCH,outcome_hit,outcome_hover_success,outcome_moving_away_cap,outcome_drift,outcome_timeout
15000,0.01,0.005258171586319804,3.0449700271710753,3.0894789695739746,0.009015531846671365,False,23.764186138287187,70.96594874448941,109.21198310702836,3963.0,0,0.31320459009838697,0.31320459009838697,0.0,0.11140766739845276,38.274133034050465,0,0,0,0,0,20,0,0
30000,0.00985,0.020150230251601897,2.7005810332484543,3.0899876672774553,0.02064307026739698,True,19.875737596303225,133.5217918972097,166.39465710084536,3813.0,0,0.3123067391427138,0.3123067391427138,0.0,0.11156188696622849,38.9753744751215,0,0,0,0,0,20,0,0
45000,0.0097,0.01761570769303944,4.248861896805465,3.099906725808978,0.02173429829417728,True,30.123488932847977,268.60132723753316,217.6492372795943,5000.0,5000,0.041023491829890395,0.041023491829890395,0.0,0.11145439743995667,39.60983283817768,0,0,0,0,20,0,0,0
60000,0.00955,-0.0015111384127521887,0.738850258756429,3.095008382573724,0.013083056022878736,False,33.107203155756,562.6503018158962,421.1898849739809,5000.0,5000,0.06852747001005768,0.06852747001005767,1.3877787807814457e-17,0.11152531951665878,40.23611116036773,0,0,0,0,20,0,0,0
75000,0.0094,0.0021332972173695453,2.369062116369605,3.086901541799307,0.008397482146392576,False,32.709812715649605,821.3029430872169,389.7209433907041,2389.0,2368,0.33701740736149965,0.33701740736149965,0.0,0.11156188696622849,40.66806637495756,0,0,0,0,20,0,0,0
90000,0.009250000000000001,0.00010866047523450106,0.3468890441581607,3.095307746902108,0.007463047411874868,False,40.42899542301893,603.1686461496082,378.9220926318308,1665.0,1644,0.3181434078337746,0.31814340783377454,5.551115123125783e-17,0.11149296909570694,40.98114248737693,0,0,0,0,20,0,0,0
105000,0.0091,0.004821035974600818,1.4048947984119877,3.0958184972405434,0.024822919818689115,True,30.032478883862495,247.3263972978957,36.75579180377326,1006.0,985,0.330309168467691,0.330309168467691,0.0,0.11148902028799057,42.09687712788582,0,0,0,0,20,0,0,0
120000,0.00895,-0.000991439326753607,1.314771906239912,3.1103684660047293,0.011869292706251144,False,32.37889274954796,187.227839301896,30.527647894962808,903.0,882,0.3365080426913999,0.3365080426913999,0.0,0.11110389977693558,42.74990163743496,0,0,0,0,20,0,0,0
135000,0.0088,-0.0014028068871994037,1.4526328190695494,3.1191815361380577,0.012575877524795942,False,32.45114528387785,161.62515511128376,19.661025700277047,877.0,856,0.33696492592323646,0.33696492592323635,1.1102230246251565e-16,0.11090851575136185,42.84853237867355,0,0,0,0,20,0,0,0
150000,0.00865,0.0006450818182202056,1.7926148194819689,3.129717046394944,0.007234150660224259,False,36.07785215228796,165.0448286788379,16.68582621239415,897.0,876,0.3348974956026753,0.33489749560267534,5.551115123125783e-17,0.11065549403429031,42.87576415389776,0,0,0,0,20,0,0,0
165000,0.0085,0.001731590735289501,1.6356109897606075,3.127347206696868,0.012654717778787017,False,32.907338071614504,139.44059622621597,20.20611593578519,1003.0,982,0.32081033170927703,0.3208103317092771,5.551115123125783e-17,0.11070839315652847,43.180835381150246,0,0,0,0,20,0,0,0
180000,0.00835,-0.0010608915472403169,1.2831944181816652,3.1316537484526634,0.006627670067246072,False,32.795938063412905,158.6653773587721,20.69284268118209,817.0,796,0.32864618904258247,0.32864618904258247,0.0,0.1105993241071701,43.5807841271162,0,0,0,0,20,0,0,0
195000,0.0082,0.00030351034365594387,1.3542083050124347,3.1400853991508484,0.007523093008785509,False,30.529463797807693,141.0496728340939,12.096861395548379,858.0,837,0.32534914623690186,0.32534914623690186,0.0,0.11036337912082672,43.93301875144243,0,0,0,0,20,0,0,0
210000,0.00805,-0.0021334478224162012,1.2633411177666858,3.1420193426311016,0.008795038651442155,False,33.22738420218229,148.81653990594526,12.205439680285545,1155.0,1134,0.3227286044159816,0.32272860441598156,5.551115123125783e-17,0.11032922565937042,44.36005061119795,0,0,0,0,20,0,0,0
225000,0.0079,0.0005747489703935571,1.2304059327580035,3.1453252006322145,0.006680007776594721,False,33.027917094528675,164.56892423920308,25.899583252900307,1184.0,1163,0.31659023112245577,0.3165902311224557,5.551115123125783e-17,0.11022000014781952,44.682836547493935,0,0,0,0,20,0,0,0
240000,0.007750000000000001,0.0042704033621703275,1.069499417557381,3.162810804322362,0.011817532431450672,False,33.602130465209484,236.79799312320228,54.609859042020794,1762.0,1741,0.34507990031492786,0.3450799003149279,5.551115123125783e-17,0.10965922474861145,44.934584461152554,0,0,0,0,20,0,0,0
255000,0.0076,0.021870518539799377,2.7969658081419766,3.1647647097706795,0.02073000860400498,True,41.19626157730818,326.22447499163724,95.61592095447868,1307.0,1286,0.34373037009747376,0.3437303700974738,5.551115123125783e-17,0.10968668758869171,44.75790882110596,0,0,0,0,20,0,0,0
270000,0.00745,0.005351099913241342,3.107131465803832,3.1616637781262398,0.02039401030924637,True,32.71474589779973,240.123351996797,44.53340811653764,1235.0,1214,0.32313096139653275,0.3231309613965327,5.551115123125783e-17,0.10979034006595612,44.42866920679808,0,0,0,0,20,0,0,0
285000,0.0073,0.0006084894121158868,1.378244720865041,3.1626865305006504,0.009548747693770565,False,32.26062101125717,269.2062160299984,24.1318116411848,2425.0,2404,0.34075179434108993,0.34075179434108993,0.0,0.10973259806632996,44.348735600709915,0,0,0,0,20,0,0,0
300000,0.007150000000000001,0.002071228576824069,1.3085472220554948,3.166521716862917,0.010300875044777058,False,31.708371002227068,234.7324211844787,22.369258293918346,1207.0,1186,0.3157972141762363,0.31579721417623624,5.551115123125783e-17,0.10960696637630463,44.39912609755993,0,0,0,0,20,0,0,0
315000,0.006999999999999999,-0.0029338597087189555,1.4275982268154621,3.171530494466424,0.012677069258643314,False,33.75358680635691,220.016199396075,17.512559575426266,1039.0,1018,0.31931340328856883,0.31931340328856883,0.0,0.10949861258268356,44.51790754497051,0,0,0,0,20,0,0,0
330000,0.006850000000000001,0.007638758193934336,1.1036818412831053,3.1677886210381985,0.03282858483726159,True,30.27226234227419,268.06468410992863,106.00147248337741,2852.0,2831,0.3217469480474531,0.3217469480474531,0.0,0.10962951183319092,44.939870327711105,0,0,0,0,20,0,0,0
345000,0.006699999999999999,0.005426842028100509,0.80481624789536,3.1433163974434137,0.021764690551208332,True,30.558572866022587,493.99914762801166,210.21040358993832,2577.0,2556,0.3388048479979845,0.3388048479979845,0.0,0.1102379858493805,45.01485811918974,0,0,0,0,20,0,0,0
360000,0.00655,-0.002223058334493544,1.434115078416653,3.1441866792738438,0.013938460106146522,False,29.307259365916252,518.3319993433195,191.51496107524557,1388.0,1367,0.31708132802625555,0.3170813280262555,5.551115123125783e-17,0.11026056855916977,45.17305290699005,0,0,0,0,20,0,0,0
375000,0.0064,-0.0003285381171735935,0.927560608019121,3.1384080927819014,0.011140572882140987,False,32.39573361352086,297.05738928674447,26.259630764544315,1208.0,1187,0.32915416029994227,0.32915416029994227,0.0,0.11041399836540222,45.4832551702857,0,0,0,0,20,0,0,0
390000,0.00625,0.007821235303708818,1.132346220081672,3.1291932836174965,0.009752253172337078,False,31.806816950440407,390.2272825728959,160.34238212984863,5000.0,5000,0.1041238968483706,0.10412389684837059,1.3877787807814457e-17,0.11067607998847961,45.953830160200596,0,0,0,0,20,0,0,0
405000,0.0061,-0.0011540895502548665,0.7085302035557106,3.1235276479274035,0.01169331424171105,False,25.01039908453822,670.4949718210803,415.8874716288544,5000.0,5000,0.06310243066909565,0.06310243066909564,1.3877787807814457e-17,0.11082642525434494,46.08136224746704,0,0,0,0,20,0,0,0
420000,0.0059499999999999996,-8.20568784547504e-05,0.6423168388137128,3.0991895832121372,0.006429622866562568,False,24.46730504371226,930.3843030949283,383.8230310635126,1863.0,1842,0.3253218074238821,0.3253218074238821,0.0,0.11132928729057312,46.26504285633564,0,0,0,0,20,0,0,0
435000,0.0058000000000000005,-0.0012700800289167091,0.5391686353250407,3.0987651981413364,0.008021071364055388,False,30.369440026581287,680.3632423827651,359.47680396819254,1418.0,1397,0.3342978454104059,0.3342978454104059,0.0,0.11137444525957108,46.510186687111855,0,0,0,0,20,0,0,0
450000,0.00565,0.004098311903362628,1.3110853905091062,3.110956648364663,0.01137866340286564,False,30.935391440987587,236.25432708914232,46.18092265815991,1452.0,1431,0.3179450656821794,0.31794506568217934,5.551115123125783e-17,0.11115403473377228,46.55876234173775,0,0,0,0,20,0,0,0
465000,0.0055000000000000005,-0.00046989914699224755,0.9271279678214341,3.1248955111950636,0.006079305516323075,False,28.985447086393833,266.8281378134237,86.28419145597637,1346.0,1325,0.3293075471582368,0.32930754715823674,5.551115123125783e-17,0.11078791320323944,46.82139448821545,0,0,0,0,20,0,0,0
480000,0.00535,0.007752821038593538,1.080722426297143,3.133775847032666,0.020789522022823803,True,29.581880249083042,279.01344120906657,83.98996594593295,1518.0,1497,0.3164012400205604,0.31640124002056036,5.551115123125783e-17,0.11050572991371155,47.193964280188084,0,0,0,0,20,0,0,0
495000,0.005200000000000001,0.0009434740786673501,0.8283103175926954,3.131516169756651,0.010596223059110343,False,30.106028594076633,375.6309108797835,228.05875874642075,5000.0,5000,0.09275104008671464,0.09275104008671464,0.0,0.11035707592964172,47.290613517165184,0,0,0,0,20,0,0,0
510000,0.00505,0.0011445440686657093,0.5724497665651143,3.1415712032467127,0.0074365456675877795,False,25.22321305051446,641.0807111456895,407.4733174058344,5000.0,5000,0.23035307073054576,0.23035307073054573,2.7755575615628914e-17,0.11031755805015564,47.516905374825,0,0,0,0,20,0,0,0
525000,0.0049,-0.0014668574294773862,0.6593638829654083,3.1580586172640324,0.010049480217276141,False,27.081670738756657,904.9294563009568,347.95545299544995,5000.0,5000,0.03580294362181195,0.03580294362181197,1.3877787807814457e-17,0.1098695918917656,47.93943063914776,0,0,0,0,20,0,0,0
540000,0.00475,-0.0015820586195331998,0.4059887785988394,3.1547444965690374,0.0065277971007162705,False,25.634491495788097,1085.2538117798642,221.86640471631318,5000.0,5000,0.07847931993296012,0.07847931993296012,0.0,0.1099582314491272,48.40747184306383,0,0,0,0,20,0,0,0
555000,0.0046,-0.002325120207387954,0.45898941771883983,3.1362373400479555,0.011601584265008569,False,24.379720240831375,1160.2430188873936,140.6651620331866,5000.0,5000,0.09361691848539049,0.09361691848539047,1.3877787807814457e-17,0.11043880134820938,48.91430923342705,0,0,0,0,20,0,0,0
570000,0.00445,-0.001790851485566236,0.9285176403354853,3.1263380516320467,0.010078010192955844,False,25.337339136749506,883.9136295965798,446.2092674003779,2244.0,2223,0.32133962220268664,0.32133962220268664,0.0,0.11072791367769241,48.8525153696537,0,0,0,0,20,0,0,0
585000,0.004300000000000001,0.0002096122916555032,0.43866791774053127,3.119552906602621,0.007160075067076832,False,26.552607133984566,643.2161327469324,399.479348706324,4341.0,4320,0.42059107208487595,0.42059107208487595,0.0,0.11093392223119736,49.26996424794197,0,0,0,0,20,0,0,0
600000,0.00415,0.001498943536716979,1.1677244622260332,3.108621073886752,0.008023156799026765,False,28.328781336545944,445.11208482588273,318.09261761693074,2148.0,2127,0.32521678127242754,0.3252167812724276,5.551115123125783e-17,0.11123032867908478,49.570828795433044,0,0,0,0,20,0,0,0
615000,0.004,-0.003044056982616894,0.4139241259836126,3.1052489578723907,0.008784840683802031,False,22.929628737270832,374.67889277232274,264.14523898017063,5000.0,5000,0.16617752762870458,0.16617752762870458,0.0,0.11119166761636734,49.93762284517288,0,0,0,0,20,0,0,0
630000,0.00385,-0.0008088608592515811,0.3398309940821491,3.1219519414007664,0.009834913318627514,False,25.23456444963813,426.86505802833625,275.969076037798,5000.0,5000,0.05600458299854475,0.05600458299854476,6.938893903907228e-18,0.11086370795965195,50.199310064315796,0,0,0,0,20,0,0,0
645000,0.0037,-0.0002313726581633091,0.46119887923123315,3.142552688717842,0.007344678568188101,False,27.59403745085001,522.9663683123957,267.0208547783664,5000.0,5000,0.06968724984493749,0.0696872498449375,1.3877787807814457e-17,0.11028565466403961,50.42478132992983,0,0,0,0,20,0,0,0
660000,0.0035499999999999998,-0.0044072894743294455,0.22732779259968083,3.1494258772581816,0.00824969077075366,False,24.686030216515064,594.9806456898682,195.03806031505016,5000.0,5000,0.04504856784441659,0.04504856784441659,0.0,0.11009641736745834,50.83597765862942,0,0,0,0,20,0,0,0
675000,0.0034,-0.0015761433824081905,0.5215071855345741,3.161676252260804,0.01473902772704605,False,26.250457502901554,451.858145607356,194.60189265546416,3199.0,3178,0.3079306189477212,0.30793061894772117,5.551115123125783e-17,0.1097637191414833,51.11395615339279,0,0,0,0,20,0,0,0
690000,0.0032499999999999994,-0.0015098020085133612,0.6265719046350569,3.1756172217428684,0.008379413557122461,False,27.895295679569244,209.9719492296193,160.1497586073306,2921.0,2900,0.332898967869682,0.3328989678696819,5.551115123125783e-17,0.10939239710569382,51.40532552450895,0,0,0,0,20,0,0,0
705000,0.0031000000000000008,-0.0002652520124684088,1.2434198257979006,3.1824245806783438,0.017931542854057625,True,31.476024769246578,171.6346484096228,143.84119319974957,5000.0,5000,0.23574075858056895,0.23574075858056895,0.0,0.10921712219715118,51.36520802974701,0,0,0,0,20,0,0,0
720000,0.0029500000000000004,-0.0008402702515013516,0.360137757321354,3.190870625898242,0.011500663153128698,False,25.54884098097682,223.00597680627547,146.74969978131207,1634.0,1613,0.31022483596870315,0.3102248359687032,5.551115123125783e-17,0.10897406935691833,51.39214340597391,0,0,0,0,20,0,0,0
735000,0.0028000000000000004,-0.003346154189785011,0.3703944602748379,3.167633658275008,0.011108424951089546,False,28.034656882286072,286.54520872956994,180.01917746338975,5000.0,5000,0.2534826984495228,0.25348269844952276,5.551115123125783e-17,0.10947945713996887,51.42306063324213,0,0,0,0,20,0,0,0
750000,0.00265,-0.0019909720576833934,0.23167303163791075,3.1984258014708757,0.01074515248183161,False,21.844608195126057,325.36497659296856,169.24365532100495,5000.0,5000,0.12374206482507503,0.12374206482507503,0.0,0.10876793414354324,51.616450913250446,0,0,0,0,20,0,0,0
765000,0.0025,-0.0015555572826997377,0.26041521807201207,3.2046979945153,0.014845579804386944,False,23.85355092585087,379.8588636772407,183.18293367195852,5000.0,5000,0.20476284997120814,0.20476284997120817,2.7755575615628914e-17,0.10862123221158981,51.61465007066727,0,0,0,0,20,0,0,0
780000,0.00235,-0.004669332614867017,0.27157095522852615,3.1902458649128675,0.01342001892044209,False,25.028055161237717,412.61647719173544,153.49158158222136,5000.0,5000,0.14987346323001466,0.14987346323001463,2.7755575615628914e-17,0.10901320725679398,51.50655776262283,0,0,0,0,20,0,0,0
795000,0.0021999999999999997,0.007243896852742182,0.6702537430683151,3.183963067829609,0.017856171223684214,True,30.48055638372898,444.1617436351785,122.05038755427698,5000.0,5000,0.2125571320905993,0.2125571320905993,0.0,0.10918432474136353,51.4679491519928,0,0,0,0,20,0,0,0
810000,0.0020499999999999997,0.013968313818622846,2.0280352416448295,3.1828835122287273,0.013919391960371286,False,37.041088961064816,363.84935558043753,155.8791780437607,4237.0,4216,0.32796502574017045,0.3279650257401704,5.551115123125783e-17,0.10916648060083389,51.596982307732105,0,0,0,0,20,0,0,0
825000,0.0018999999999999996,-0.0012316790816839784,0.10467175900703296,3.18708604760468,0.007174493293859996,False,26.96160465478897,418.64697209792274,234.26326023560574,2418.0,2397,0.30563560981118976,0.3056356098111898,5.551115123125783e-17,0.10908423364162445,51.617179706692696,0,0,0,0,20,0,0,0
840000,0.0017500000000000005,0.004923273852909915,1.2936401644255966,3.190780421718955,0.01910838125331793,True,33.28071636706591,355.5461381488913,266.74995183210535,1746.0,1725,0.32709866023393297,0.327098660233933,5.551115123125783e-17,0.10896602272987366,51.66367834061384,0,0,0,0,20,0,0,0
855000,0.0016000000000000003,-0.004511283535975963,0.6305988858221099,3.187054654583335,0.009032442612806335,False,31.45451470464468,316.6208845937291,226.79991370070485,2286.0,2265,0.3196527337519319,0.31965273375193193,5.551115123125783e-17,0.1090802401304245,51.79939989000559,0,0,0,0,20,0,0,0
870000,0.0014500000000000001,-0.0017317423626082018,0.7650998936733231,3.1935058049857616,0.004261104957549833,False,32.69109020382166,163.78281620985445,101.20379874352956,1659.0,1638,0.330542757411598,0.33054275741159805,5.551115123125783e-17,0.10891079902648926,52.233654610812664,0,0,0,0,20,0,0,0
885000,0.0013000000000000002,-0.002322441119758878,0.5580966460402124,3.2117964308708906,0.009391260391566902,False,32.0901585072279,108.32798772968428,69.90362254011018,2839.0,2818,0.45959018763504583,0.4595901876350459,5.551115123125783e-17,0.10839460045099258,52.49497853964567,0,0,0,0,20,0,0,0
900000,0.00115,0.0009190483397105709,0.7474340482149273,3.2240744065493345,0.01576223188021686,True,33.06529428064823,170.44345905888378,62.64294444082392,1545.0,1524,0.311890598037137,0.3118905980371369,5.551115123125783e-17,0.10808370262384415,52.5527642890811,0,0,0,0,20,0,0,0
915000,0.001,-0.0019664132414618507,0.6869758986867964,3.2350223008543253,0.0084838759212289,False,33.949876062572,143.5469349619412,30.00359810432385,1488.0,1467,0.31174475405774066,0.31174475405774066,0.0,0.10778209567070007,52.808227598667145,0,0,0,0,20,0,0,0
930000,0.001,-0.002956764008558821,0.5982947685406543,3.237086918205023,0.008978357975138351,False,32.22463854402304,141.7136717909482,14.544944337214595,1458.0,1437,0.3117243275945143,0.31172432759451435,5.551115123125783e-17,0.10772920399904251,52.99457547068596,0,0,0,0,20,0,0,0
945000,0.001,-0.0021756810529041104,0.39051199797540903,3.239039149135351,0.008646159229101613,False,29.61390319466591,156.39365350319963,43.29026773537449,2591.0,2570,0.3142777806661326,0.31427778066613266,5.551115123125783e-17,0.10769368708133698,52.973642617464066,0,0,0,0,20,0,0,0
960000,0.001,0.00018772923067444935,1.2697949088760652,3.2507440615445375,0.008943384134909138,False,41.46391016244888,178.9005873316746,93.18690021974707,1420.0,1399,0.30990712008353216,0.3099071200835321,5.551115123125783e-17,0.10736605525016785,53.128721192479134,0,0,0,0,20,0,0,0
975000,0.001,-0.0018476884870324284,0.63573174746125,3.262021191418171,0.012226884864503518,False,29.87466172873974,83.06627948494385,26.988605608895906,1439.0,1418,0.30722590834900365,0.3072259083490036,5.551115123125783e-17,0.10706137120723724,53.24838825315237,0,0,0,0,20,0,0,0
990000,0.001,-0.002329490685951896,0.6387083405861631,3.2810228168964386,0.011797838626080193,False,36.62788301333785,73.4135760074922,10.598234327124418,2361.0,2340,0.32077125288734615,0.3207712528873461,5.551115123125783e-17,0.10656914114952087,53.3277068734169,0,0,0,0,20,0,0,0
1005000,0.001,-0.0014440815430134535,0.47906580701237544,3.3026928957551718,0.009222570282872766,False,27.857179265469313,87.05426625688774,14.898973943996568,2364.0,2343,0.3234067047401164,0.3234067047401164,0.0,0.1059979796409607,53.44661142677069,0,0,0,0,20,0,0,0
