timesteps,stage,ent_coef,lr,policy_loss,value_loss,entropy_loss,approx_kl,early_stopped,grad_norm,recent_reward,avg_final_dist,std_final_dist,min_final_dist,avg_hit_time_sec,effective_std_mean,total_param_norm,pid_avg_final_dist,pid_success_rate,reset_triggered,best_grade,success_rate,error_ratio,time_ratio,grad_ratio,grade,outcome_oob,outcome_attitude-ROLL,outcome_attitude-PITCH,outcome_hover_success,outcome_moving_away_cap,outcome_drift,outcome_timeout,outcome_hit,pid_outcome_oob,pid_outcome_attitude-ROLL,pid_outcome_attitude-PITCH,pid_outcome_hover_success,pid_outcome_moving_away_cap,pid_outcome_drift,pid_outcome_timeout
2097152,critic_warmup,0.01,0.0001451,0.0,0.0,0.0,0.0,False,0.0,40.414513397216794,0.27944070154143164,0.15423995273416738,0.25002699475445955,3.5441091954022985,0.07065120339393616,112.9198652356863,0.2609749963883166,0.9666666666666667,False,-inf,0.9666666666666667,0.009314690051381054,0.34023448275862067,0.0,0.9638722596512523,1,0,0,0,0,0,0,29,1,0,0,0,0,0,0
4194304,critic_warmup,0.01,0.0001451,0.0,0.0,0.0,0.0,False,0.0,43.519891595840456,0.2681789566109767,0.09386473945680672,0.2500022134240019,3.5602011494252874,0.07065120339393616,112.9198652356863,0.2508226616575452,1.0,False,-inf,0.9666666666666667,0.008939298553699222,0.3417793103448276,0.0,0.9639848771005569,1,0,0,0,0,0,0,29,0,0,0,0,0,0,0
6291456,critic_warmup,0.01,0.0001451,0.0,0.0,0.0,0.0,False,0.0,82.70334167480469,0.25090244854776855,0.0007340665127413195,0.2500414970544152,3.821388888888889,0.07065120339393616,112.9198652356863,0.296676885121643,0.9333333333333333,False,-inf,1.0,0.008363414951592285,0.36685333333333336,0.0,0.9974909755145223,0,0,0,0,0,0,0,30,2,0,0,0,0,0,0
8388608,critic_warmup,0.01,0.0001451,-2.9119291866663843e-08,58.089437663555145,4.924246788024902,0.0,False,2.947480410337448,58.48222541809082,0.26054574443767736,0.051827562014852974,0.2500963240436004,3.5551724137931036,0.07065120339393616,113.46841494739056,0.25072033353759365,1.0,False,-inf,0.9666666666666667,0.008684858147922579,0.341296551724138,0.34922136250351954,0.929139072971938,1,0,0,0,0,0,0,29,0,0,0,0,0,0,0
10485760,critic_warmup,0.01,0.0001451,-5.547917680814862e-09,51.57080805301666,4.924246788024902,0.0,False,2.4157982133328915,71.27530632019042,0.25073988509674483,0.0008337895919595643,0.25002440937282167,3.7748611111111114,0.07065120339393616,114.14070931077003,0.2967508402086706,0.9,False,-inf,1.0,0.008357996169891494,0.36238666666666675,0.3124276908210768,0.9662498320669249,0,0,0,0,0,0,0,30,3,0,0,0,0,0,0
12582912,critic_warmup,0.01,0.0001451,-9.804352885112166e-10,50.865048587322235,4.924246788024902,0.0,False,1.8418689891695976,64.54823455810546,0.2508221346556992,0.000742547721865591,0.25006799262871066,3.9251388888888887,0.07065120339393616,114.8691548705101,0.26308217077519475,0.9666666666666667,False,-inf,1.0,0.00836073782185664,0.37681333333333333,0.2656429933740559,0.9709274793160374,0,0,0,0,0,0,0,30,1,0,0,0,0,0,0
14680064,critic_warmup,0.01,0.0001451,7.610651664435863e-09,48.03780210018158,4.924246788024902,0.0,False,1.279767656698823,72.05204124450684,0.250977490662135,0.000978879207790991,0.2500401374298542,3.7505555555555565,0.07065120339393616,115.61613127589226,0.2509690170442541,1.0,False,-inf,1.0,0.0083659163554045,0.36005333333333345,0.20959055914339647,0.976531169179039,0,0,0,0,0,0,0,30,0,0,0,0,0,0,0
16777216,critic_warmup,0.01,0.0001451,6.7857399699278176e-09,46.59732931852341,4.924246788024902,0.0,False,0.8757655369117856,58.232944107055665,0.2508517734837137,0.0008206169577882202,0.25000779875593665,3.8013888888888885,0.07065120339393616,116.32615607976913,0.2508139299432785,1.0,False,-inf,1.0,0.008361725782790456,0.36493333333333333,0.15998086415986187,0.9814933958491766,0,0,0,0,0,0,0,30,0,0,0,0,0,0,0
18874368,critic_warmup,0.01,0.0001451,5.66524249734357e-09,44.95123988389969,4.924246788024902,0.0,False,0.5878709712997079,76.5045337677002,0.2505774020324377,0.0003686141503974377,0.2500781692800029,3.562361111111111,0.07065120339393616,116.99142104387283,0.2819714641915207,0.9,False,-inf,1.0,0.008352580067747924,0.34198666666666666,0.11760290266820586,0.9857339357128551,0,0,0,0,0,0,0,30,3,0,0,0,0,0,0
20971520,critic_warmup,0.01,0.0001451,-1.2228611012687907e-08,43.72509777545929,4.924246788024902,0.0,False,0.4099252987653017,74.30171623229981,0.26432401000633987,0.07250733632686707,0.2500378468900714,3.6875,0.07065120339393616,117.59607243537903,0.2509098944106731,1.0,False,-inf,0.9666666666666667,0.008810800333544663,0.35400000000000004,0.08737333632709905,0.9552860929338933,1,0,0,0,0,0,0,29,0,0,0,0,0,0,0
23068672,critic_warmup,0.01,0.0001451,-7.3441697168163955e-09,42.79506599903107,4.924246788024902,0.0,False,0.30244989576749504,66.67607879638672,0.2506588229056905,0.0005247333800663308,0.25003822316872065,3.4745833333333334,0.07065120339393616,118.14494854211807,0.2508178756150566,1.0,False,-inf,1.0,0.00835529409685635,0.33356,0.06720720877479537,0.9907726908934635,0,0,0,0,0,0,0,30,0,0,0,0,0,0,0
25165824,critic_warmup,0.01,0.0001451,3.040440788026899e-09,41.44872039556503,4.924246788024902,0.0,False,0.23964094673283398,55.71402778625488,0.25074824123815,0.0006054794493110057,0.250010982850842,3.6552777777777776,0.07065120339393616,118.64446276426315,0.2764577900875578,0.9666666666666667,False,-inf,1.0,0.008358274707938334,0.35090666666666664,0.05463664940078907,0.9920288526475396,0,0,0,0,0,0,0,30,1,0,0,0,0,0,0
27262976,critic_warmup,0.01,0.0001451,3.3905962482094765e-09,41.21623992919922,4.924246788024902,0.0,False,0.21408374141901731,75.72136878967285,0.25094762198801746,0.000762224535251885,0.2500508732579911,3.7512500000000006,0.07065120339393616,119.10946893692017,0.2508165748922079,1.0,False,-inf,1.0,0.008364920732933915,0.3601200000000001,0.04933831968432759,0.992556691811687,0,0,0,0,0,0,0,30,0,0,0,0,0,0,0
29360128,critic_warmup,0.01,0.0001451,-3.014065441675484e-09,40.54991698265076,4.924246788024902,0.0,False,0.19608501996845007,79.74277839660644,0.2599669090367513,0.05064992815473623,0.250008169960487,3.71580459770115,0.07065120339393616,119.5515678524971,0.2677150142111903,0.9666666666666667,False,-inf,0.9666666666666667,0.008665563634558376,0.3567172413793104,0.045539593221472906,0.9595130382541519,1,0,0,0,0,0,0,29,1,0,0,0,0,0,0
31457280,critic_warmup,0.01,0.0001451,3.77985998056829e-09,40.2196871638298,4.924246788024902,0.0,False,0.18730517919175327,60.878258514404294,0.2627285253183471,0.06492987805415909,0.25009090960455826,3.6821839080459773,0.07065120339393616,119.97989094257355,0.27717277175563293,0.9333333333333333,False,-inf,0.9666666666666667,0.008757617510611571,0.3534896551724138,0.043665767477193376,0.9596728046657639,1,0,0,0,0,0,0,29,2,0,0,0,0,0,0
33554432,critic_warmup,0.01,0.0001451,-4.103640094399452e-09,39.52927941083908,4.924246788024902,0.0,False,0.1727547929622233,73.50176963806152,0.30286464780665223,0.28151989785880666,0.25000550233028385,3.7662356321839074,0.07065120339393616,120.38122773170471,0.2506654277102986,1.0,False,-inf,0.9666666666666667,0.010095488260221741,0.3615586206896551,0.04052964705113574,0.9595850554834865,1,0,0,0,0,0,0,29,0,0,0,0,0,0,0
35651584,training,0.01,4.1874770109106096e-05,-0.00018600726798467804,36.134689807891846,4.896629698574543,0.0019247122327215038,False,1.1807887526229024,78.11688003540038,0.26453681651352484,0.07324497122915141,0.25002734457226145,3.462931034482759,0.0711624026298523,120.49975960279698,0.25072301949266507,1.0,False,0.9441911560353218,0.9666666666666667,0.00881789388378416,0.3324413793103449,0.19830142466209652,0.9441911560353218,1,0,0,0,0,0,0,29,0,0,0,0,0,0,0
37748736,training,0.009822361002688872,8.21835482760769e-05,-2.3690681700827554e-05,30.613208919763565,4.861589476466179,0.0022906960766704287,False,2.2542301435023546,65.44432144165039,0.2627605408152488,0.06515749392753428,0.2500207516827104,3.690948275862069,0.07178919017314911,121.15880456950981,0.2507148480360538,1.0,False,0.9441911560353218,0.9666666666666667,0.008758684693841627,0.35433103448275866,0.30010377947910577,0.9340286833106036,1,0,0,0,0,0,0,29,0,0,0,0,0,0,0
39845888,training,0.009644722005377743,0.00012082312538545196,4.056116995343473e-05,21.582103431224823,4.826836787164211,0.002738358789429185,False,5.186584521085024,68.05399017333984,0.25075506974114375,0.0007309673384324243,0.2500427840681884,3.800555555555556,0.07241124659776688,122.40413873648504,0.26514010520491776,0.9666666666666667,False,0.951142907614057,1.0,0.008358502324704791,0.36485333333333336,0.46349541688531615,0.951142907614057,0,0,0,0,0,0,0,30,1,0,0,0,0,0,0
41943040,training,0.009467083008066614,0.00011827421453961929,-4.188401817373233e-05,14.829614847898483,4.801021561026573,0.0021884373854845762,False,7.967953201383352,74.84838485717773,0.3007887618790086,0.1768345964565099,0.25000219676950103,3.5942901234567897,0.07287877053022385,123.36625825986266,0.2507433867642823,1.0,False,0.951142907614057,0.9,0.01002629206263362,0.34505185185185183,0.5579233852839172,0.8411997738528182,3,0,0,0,0,0,0,27,0,0,0,0,0,0,0
44040192,training,0.009289444010755486,0.00011563534134726507,-2.1989077140460722e-05,11.570243403315544,4.77856432646513,0.00247605012555141,False,8.789771299809217,70.87165565490723,0.2508474742479029,0.0007276855860833559,0.2500672733018281,3.788333333333333,0.07329408079385757,124.06300075305626,0.28496393278300197,0.9333333333333333,False,0.951142907614057,1.0,0.008361582474930096,0.36368,0.5802236184358304,0.9394691634139379,0,0,0,0,0,0,0,30,2,0,0,0,0,0,0
46137344,training,0.009111805013444357,0.00011291349556832168,-8.086113120953087e-05,10.098901018500328,4.750203549861908,0.002683584825717844,False,15.190474275499582,64.17425384521485,0.25102354904704044,0.0010536544763186425,0.25003172709324856,3.7034722222222216,0.07380418479442596,124.57631165604107,0.2506602409548015,1.0,False,0.951142907614057,1.0,0.008367451634901348,0.3555333333333333,0.7081756216334316,0.9266722023461865,0,0,0,0,0,0,0,30,0,0,0,0,0,0,0
48234496,training,0.008934166016133229,0.00011011588673776133,3.840596946247388e-05,9.35233087837696,4.720905140042305,0.0026047804567497224,False,7.901330152526498,70.26501159667968,0.25076461929381905,0.0008144269284259524,0.2500564579586339,3.9233333333333325,0.07435585558414459,125.05060273956042,0.26482782609757904,0.9666666666666667,False,0.951142907614057,1.0,0.0083588206431273,0.3766399999999999,0.5560268753311971,0.9418896662739421,0,0,0,0,0,0,0,30,1,0,0,0,0,0,0
50331648,training,0.0087565270188221,0.0001072499250692187,-3.385631862329319e-05,8.831246122717857,4.693082556128502,0.0029124936354492093,False,9.363739509135485,65.5205467224121,0.28310280801270976,0.12240687575723631,0.25000714174193306,3.964285714285715,0.07486973702907562,125.47915174311493,0.25069007213220534,1.0,False,0.951142907614057,0.9333333333333333,0.009436760267090326,0.38057142857142867,0.5947143506875919,0.871030870184447,2,0,0,0,0,0,0,28,0,0,0,0,0,0,0
52428800,training,0.008578888021510973,0.00010432320182706237,-5.879075797565747e-05,8.499691277742386,4.666424289345741,0.0028415157830750104,False,12.953510243445635,73.00663948059082,0.2508340337093541,0.0007621112369897453,0.25003918708768785,3.63125,0.07536757737398148,125.99848576891236,0.26072052280945884,0.9666666666666667,False,0.951142907614057,1.0,0.00836113445697847,0.3486,0.6703580863381317,0.9304558510290932,0,0,0,0,0,0,0,30,1,0,0,0,0,0,0
54525952,training,0.008401249024199845,0.00010134346921890514,-0.00014500426277663792,8.34166431427002,4.635647431015968,0.002808362825817312,False,17.877032577991486,64.28636779785157,0.25095605820076694,0.0008302247292325425,0.25001698136983236,3.9030555555555546,0.07594838738441467,126.46035148692317,0.2507258313926639,1.0,False,0.951142907614057,1.0,0.008365201940025565,0.37469333333333327,0.7472218379004943,0.9227682556279428,0,0,0,0,0,0,0,30,0,0,0,0,0,0,0
56623104,training,0.008223610026888716,9.831861986181323e-05,-0.00013334161576494807,8.246512532234192,4.606611296534538,0.0026725084044301184,False,13.638687908649445,69.95414428710937,0.25105603712979346,0.0011437113223020964,0.2500180301744917,3.338611111111112,0.07650118321180344,126.91132123116404,0.27862631876943833,0.9333333333333333,False,0.951142907614057,1.0,0.008368534570993116,0.3205066666666668,0.6825500750731665,0.9292344321213855,0,0,0,0,0,0,0,30,2,0,0,0,0,0,0
58720256,training,0.008045971029577588,9.525666587660351e-05,-0.00023996907475520857,8.035334661602974,4.577027432620525,0.0022744580601283815,False,13.474398493766785,69.56743812561035,0.25071699799095704,0.0005152960845168071,0.2500078409452907,3.6118055555555553,0.07707492262125015,127.36791791650467,0.2668951302580618,0.9666666666666667,False,0.951142907614057,1.0,0.008357233266365234,0.34673333333333334,0.6796795477192105,0.9295248752481694,0,0,0,0,0,0,0,30,1,0,0,0,0,0,0
60817408,training,0.007868332032266459,9.216571766560312e-05,-0.00013403536559053464,7.930180571973324,4.546352379024029,0.002401737701802631,False,12.797351725399494,76.02059593200684,0.25065840218962615,0.0006164383466670282,0.2500160714805464,3.728333333333333,0.07766897976398468,127.81652686558664,0.28666720508458066,0.9333333333333333,False,0.951142907614057,1.0,0.008355280072987538,0.35792,0.6674956915554275,0.930743846822561,0,0,0,0,0,0,0,30,2,0,0,0,0,0,0
62914560,training,0.0076906930349553305,8.905396243008451e-05,-0.00010341616689402144,7.899290941655636,4.52193445712328,0.00292433120921487,False,7.481223117560148,74.47686882019043,0.2508974524750179,0.0009034802842450391,0.2500188684652874,3.6574999999999998,0.07814184576272964,128.24922978738323,0.25060851752723234,1.0,False,0.951142907614057,1.0,0.00836324841583393,0.35112,0.5437307944612237,0.9431179460291275,0,0,0,0,0,0,0,30,0,0,0,0,0,0,0
65011712,training,0.007513054037644202,8.592964248427761e-05,-0.00010401720373920398,7.863729551434517,4.493513211607933,0.002669675028300844,False,9.174899475649,72.65381660461426,0.2506942849216141,0.0004764505218205408,0.250015157170511,3.6830555555555557,0.07870139181613922,128.73208934650756,0.25576831031455327,0.9666666666666667,False,0.951142907614057,1.0,0.008356476164053803,0.35357333333333335,0.5900373181425409,0.9384893253365297,0,0,0,0,0,0,0,30,1,0,0,0,0,0,0
67108864,training,0.007335415040333073,8.280103342340095e-05,-0.00030386054095288273,7.645299442112446,4.467221282422543,0.002444946168907336,False,10.363737862557173,73.08697967529297,0.2507688427357136,0.0007275487357641899,0.25002867775240867,3.4986111111111104,0.07922084629535675,129.17902561393566,0.2508131862917526,1.0,False,0.951142907614057,1.0,0.008358961424523786,0.33586666666666665,0.6181422126507303,0.9356780903075698,0,0,0,0,0,0,0,30,0,0,0,0,0,0,0
69206016,training,0.007157776043021945,7.967642220353903e-05,-9.697671885078307e-06,7.616886004805565,4.443975009024143,0.0029968875423946884,False,5.688101671636105,70.87796936035156,0.2762679899156571,0.13746721539305953,0.25000381840777586,3.605316091954023,0.07968395948410034,129.63023175275885,0.2508860284833984,1.0,False,0.951142907614057,0.9666666666666667,0.009208932997188569,0.34611034482758624,0.48332002872895163,0.9155719838946149,1,0,0,0,0,0,0,29,0,0,0,0,0,0,0
71303168,training,0.006980137045710816,7.656408519142745e-05,-0.00010776094222819665,7.471298962831497,4.421684637665749,0.002835685028912849,False,7.59654938429594,70.73987159729003,0.25092876279393544,0.0008239545461314174,0.25006632556176706,3.5420833333333333,0.08012204617261887,130.1111241900362,0.276626099638046,0.9333333333333333,False,0.951142907614057,1.0,0.008364292093131182,0.34004,0.5471658942486107,0.9427741229471995,0,0,0,0,0,0,0,30,2,0,0,0,0,0,0
73400320,training,0.006802498048399688,7.347226624228677e-05,-0.0001856082508311374,7.466257318854332,4.399278968572617,0.002673063412657939,False,5.371929137036204,64.83341598510742,0.2508115871113302,0.0009745729448874156,0.2500523428084588,3.634166666666666,0.08058054745197296,130.54540965799242,0.27486251848142024,0.9666666666666667,False,0.951142907614057,1.0,0.008360386237044342,0.34887999999999997,0.4710031532375871,0.950391568805128,0,0,0,0,0,0,0,30,1,0,0,0,0,0,0
75497472,training,0.006624859051088559,7.040915486377169e-05,-0.0002443222747388063,7.325621612370014,4.379604399204254,0.0027752736878028372,False,6.4321176409721375,69.31257591247558,0.2509459011686654,0.0009737516650301541,0.2500057890700651,3.6483333333333334,0.08096809685230255,131.00071066105738,0.2560328111233282,0.9666666666666667,False,0.951142907614057,1.0,0.008364863372288846,0.35024000000000005,0.5101474525398728,0.946475795734326,0,0,0,0,0,0,0,30,1,0,0,0,0,0,0
77594624,training,0.0064472200537774305,6.738286452387449e-05,-0.00018992749846802326,7.2657168954610825,4.360251009464264,0.0026013690476247575,False,6.47949767485261,67.3857494354248,0.2589160082369547,0.043955200511799165,0.25000897192316585,3.912931034482759,0.08136747777462006,131.43990421807393,0.25069833978915157,1.0,False,0.951142907614057,0.9666666666666667,0.00863053360789849,0.37564137931034486,0.5117637001030378,0.9129011365739934,1,0,0,0,0,0,0,29,0,0,0,0,0,0,0
79691776,training,0.006269581056466302,6.440141116023954e-05,-0.0003369355763425119,7.200864836573601,4.342408262193203,0.002726999573496869,False,5.8222711235284805,75.80328178405762,0.26842551855978086,0.09395464351020853,0.25000122097309335,3.641235632183908,0.08173078298568726,131.83133551385254,0.25075800117911456,1.0,False,0.951142907614057,0.9666666666666667,0.008947517285326029,0.34955862068965515,0.4883717145932075,0.9151452400217481,1,0,0,0,0,0,0,29,0,0,0,0,0,0,0
81788928,training,0.006091942059155174,6.14726919478132e-05,-0.00024757286882959306,7.118080332875252,4.325703524053097,0.0024045114369073417,False,7.847648058086634,71.78967628479003,0.2507151391088278,0.0006420181097737857,0.2500076072800082,3.7104166666666667,0.08207473903894424,132.21086812764406,0.2508833842761495,1.0,False,0.951142907614057,1.0,0.008357171303627594,0.3562,0.5544883906872048,0.9420440095401913,0,0,0,0,0,0,0,30,0,0,0,0,0,0,0
83886080,training,0.005914303061844046,5.860446438106828e-05,-0.0002627966523505165,7.069848477840424,4.3123625591397285,0.002515238473279169,False,5.763740679249167,76.77038841247558,0.2508421504124165,0.0005209100583224887,0.2501308851281992,3.3818055555555557,0.08234210312366486,132.60055471304804,0.2506900988299127,1.0,False,0.951142907614057,1.0,0.008361405013747216,0.32465333333333335,0.48618028124622054,0.9488735503712539,0,0,0,0,0,0,0,30,0,0,0,0,0,0,0
85983232,training,0.005736664064532917,5.5804325726209395e-05,-0.00028560696591739543,7.005902968347073,4.299259819090366,0.0023843974977353355,False,6.284645263105631,68.24660110473633,0.2948466758025236,0.16654206497808102,0.25002625989856014,3.414880952380952,0.08261261880397797,132.95152617199346,0.25064574360328856,1.0,False,0.951142907614057,0.9333333333333333,0.009828222526750786,0.3278285714285714,0.5050500530294507,0.8798798612723631,2,0,0,0,0,0,0,28,0,0,0,0,0,0,0
88080384,training,0.0055590250672217885,5.307969289778614e-05,-0.00029806376187480055,6.948215372860432,4.287335999310017,0.0025237529407604598,False,4.315770607441664,61.51843490600586,0.2760963732491372,0.13522653761086215,0.25002200534803565,3.7354885057471265,0.08286330848932266,133.30614137649536,0.2508203118306788,1.0,False,0.951142907614057,0.9666666666666667,0.009203212441637907,0.3586068965517242,0.4249115155739475,0.9214145513767805,1,0,0,0,0,0,0,29,0,0,0,0,0,0,0
90177536,training,0.005381386069910661,5.0437782813015085e-05,-0.00031807852337806253,6.9099856317043304,4.274777181446552,0.0026562727325654123,False,4.454440889880061,76.72161598205567,0.27199812173928134,0.11267634410669984,0.25004651249675774,3.2928160919540232,0.08312009274959564,133.637690753676,0.26989858167661057,0.9666666666666667,False,0.951142907614057,0.9666666666666667,0.009066604057976045,0.31611034482758626,0.43146117796578976,0.9208005676526949,1,0,0,0,0,0,0,29,1,0,0,0,0,0,0
92274688,training,0.005203747072599531,4.7885593275848634e-05,-0.00038301201493595727,6.844118468463421,4.26485563069582,0.0027642979093798203,False,5.13633943721652,75.88617095947265,0.25070477710926414,0.0005383792280032235,0.2500272202364065,3.5376388888888886,0.08332329988479614,133.95993038732558,0.26817865628214665,0.9666666666666667,False,0.9513508149375707,1.0,0.008356825903642139,0.3396133333333333,0.46142137291336605,0.9513508149375707,0,0,0,0,0,0,0,30,1,0,0,0,0,0,0
94371840,training,0.005026108075288403,4.5429884441423604e-05,-0.00029746130167040974,6.750669710338116,4.252636834979057,0.0023864438280725153,False,4.188065700232983,68.93110313415528,0.26367153534694837,0.06890851840679971,0.2501941100846815,3.639224137931034,0.08358126133680344,134.26724282559007,0.26258490950193186,0.9666666666666667,False,0.9513508149375707,0.9666666666666667,0.008789051178231613,0.3493655172413793,0.4187268419423271,0.9221572671189645,1,0,0,0,0,0,0,29,1,0,0,0,0,0,0
