timesteps,ent_coef,policy_loss,value_loss,entropy_loss,approx_kl,early_stopped,grad_norm,reward_mean,reward_std,avg_steps_survived,max_hover_streak,avg_final_dist,min_final_dist,std_final_dist,effective_std_mean,total_param_norm,outcome_oob,outcome_attitude-ROLL,outcome_attitude-PITCH,outcome_hit,outcome_hover_success,outcome_moving_away_cap,outcome_drift,outcome_timeout
15000,0.005,0.029982152074808255,46.89477951475419,5.810315929353237,0.06874395880731754,True,147.7636165842414,31.59693652117461,1.1929084106454793,413.1,0,0.3009890274234769,0.30041588810703324,0.0009469143813858859,0.05702768638730049,175.85302014276385,0,0,0,20,0,0,0,0
30000,0.004985,0.02135266848199535,46.80443633114919,5.810348268598318,0.056404864706564695,True,148.2748672515154,31.34051516814274,1.3831023638814157,412.6,0,0.303283264521783,0.30081444197980467,0.0017029823932542957,0.05702756345272064,175.85319156944752,0,0,0,20,0,0,0,0
45000,0.0049700000000000005,0.016097437761345645,46.82573225465603,5.810337640345097,0.024474631776683964,True,160.16462551802397,30.660577400756743,1.3852739622341999,412.9,0,0.30326818837937497,0.3002366941195691,0.0013501207656836343,0.057027753442525864,175.8528220206499,0,0,0,20,0,0,0,0
60000,0.004955,0.018453277021762915,46.52741389058065,5.8102914821356535,0.0411845181370154,True,155.0513089671731,31.289013888594177,1.6272975080952394,414.65,0,0.3013332676869615,0.30018189453431066,0.0009784835029464077,0.05702793225646019,175.85202876478434,0,0,0,20,0,0,0,0
75000,0.00494,0.018790556394378655,46.38660644274205,5.81031396239996,0.036702558034448884,True,155.6243566200137,31.89543334960872,1.8537687664263105,414.6,103,0.3021701135302032,0.30104008388498804,0.0011035373087133929,0.05702763423323631,175.85151981562376,0,0,0,20,0,0,0,0
90000,0.004925,0.021322517030057497,27.824917274992913,5.810198875144124,0.09121738748217467,True,127.13138236105442,-42.50890819367066,6.473353298137496,840.55,0,0.3015930761996645,0.3005758929635954,0.001149325724382029,0.05702821910381317,175.85367484390736,0,0,0,20,0,0,0,0
105000,0.00491,0.016712842025299324,27.419674289878458,5.810208732262254,0.038641612729406916,True,130.8289714306593,-42.403179032738514,7.869373792689687,844.0,0,0.30132089391040134,0.3004539515438056,0.0011409572824582965,0.057028282433748245,175.85783567652106,0,0,0,20,0,0,0,0
120000,0.004895,0.021245600750262383,27.674986644648015,5.81008717417717,0.05086583639786113,True,127.09398716688156,-39.89170014413552,8.320754531412538,851.85,0,0.30157359338297784,0.30075733675680094,0.0009143417617532161,0.05702842026948929,175.86329773068428,0,0,0,20,0,0,0,0
135000,0.00488,0.01878246464912081,25.281256709014997,5.810138927772641,0.041772970274905674,True,122.52140014991164,63.82233492850651,8.990461825554322,831.15,0,0.3018642078824167,0.30011976274069974,0.0014704072545925618,0.057028528302907944,175.85873769968748,0,0,0,20,0,0,0,0
150000,0.004865,0.01727915968876914,25.072174313943833,5.810118190944195,0.050669650663621724,True,122.0161462277174,58.75557932547041,13.751774871769866,843.8,0,0.302047579551573,0.30028119589632746,0.0011698141387967752,0.05702859163284302,175.85475246235728,0,0,0,20,0,0,0,0
165000,0.00485,0.5087485068142996,17.99854346830398,5.8101502023637295,1.109239461904508,True,1070.6634005829692,-126.38974946476564,171.5700848720301,2277.8,0,0.30136658771372526,0.30040679083967003,0.0011031070162290265,0.05702866613864899,175.8553850390017,0,0,0,20,0,0,0,0
180000,0.004835,0.05351952051569242,19.094934530556202,5.810313567519188,2.643967418873217,True,172.5736834332347,-311.0776371467467,22.09668033669327,2451.5,0,0.3004347106954582,0.3001341500949855,0.00022989000098840427,0.05702842399477959,175.86139360070229,0,0,0,20,0,0,0,0
195000,0.00482,0.054438051862234715,34.137888971716166,5.810186341404915,1.2623719544208143,True,265.2373758405447,121.54996694530732,371.94677592880134,2417.9,0,0.30052938238011423,0.3002435317732042,0.0004242327535472009,0.05702858418226242,175.86174500733614,0,0,0,20,0,0,0,0
210000,0.004805,0.04450849621571251,37.160673424601555,5.810062624514103,0.08720546432596166,True,267.95661225914955,406.55339609117897,67.51391197241043,2468.25,0,0.3005444921259973,0.3001604353749432,0.0003053473731484235,0.057028647512197495,175.8602388650179,0,0,0,20,0,0,0,0
225000,0.00479,0.04967999811924528,31.626472856849432,5.810053210705519,0.35013796552084386,True,276.7336088716984,433.661648769288,70.15427271257306,2362.25,0,0.300359736725006,0.3000990423874792,0.0003460109736130254,0.05702861398458481,175.86304785311222,0,0,0,20,0,0,0,0
240000,0.004775,0.06151051365304738,37.120132461190224,5.810261571779847,0.15179276718117762,True,318.5344096124172,160.3774800668345,436.4010821030019,4039.15,0,14.87124059344767,0.3000097360339048,25.237925483738596,0.05702873319387436,175.8675363138318,0,5,0,15,0,0,0,0
255000,0.0047599999999999995,0.08700380186928669,265.07802426815033,5.8100008610636,0.14464156569738407,True,308.23466444015503,953.1699257057932,1260.8045717985667,3621.2,0,10.60129896814238,0.3002421850165066,16.882768059565496,0.05702861770987511,175.8655499778688,0,5,0,9,0,6,0,0
270000,0.004745,0.09321003589138854,95.00346080213785,5.809947522357106,0.1723801017360529,True,407.5640111863613,1684.2364685799498,1199.887548672295,5394.7,0,0.3002346896508318,0.30014305437368505,8.105440360742736e-05,0.0570286326110363,175.86763029545546,0,0,0,20,0,0,0,0
285000,0.00473,0.10823116914980346,40.52803548425436,5.810155473649502,0.3571118203399237,True,329.14881920814514,2000.460950543514,922.1305699665392,3931.4,0,11.934785595461978,0.30003412000066915,17.772118699346215,0.05702865868806839,175.8733446057886,0,0,0,14,0,6,0,0
300000,0.004715,0.07754537750588497,131.48674960434437,5.809967700392008,0.1647755810408853,True,305.43302595615387,2209.600769742936,332.81470923080275,3704.6,0,14.88829360478345,0.3000384323769668,19.88035720377106,0.05702868476510048,175.87681727856398,0,0,0,13,0,7,0,0
315000,0.0047,0.09964760172442766,205.53649523854256,5.810023183003068,0.20771124192106072,True,343.6704826951027,2260.233579032826,350.31322985835664,3412.25,0,14.706073397389677,0.3002809014501202,18.684326526268165,0.057028695940971375,175.88490222766995,0,0,0,5,0,15,0,0
330000,0.004685000000000001,0.09945500810135854,143.60282787680626,5.810052124783397,0.31975871697068214,True,311.43405815958977,2306.164772509861,356.9900988357332,3444.6,0,13.34784877737321,0.3000376611480044,16.822023328736858,0.057028692215681076,175.8944607321173,0,0,0,11,0,9,0,0
345000,0.00467,0.13703164976323023,186.30432738363743,5.809900060296059,1.1247166697576176,True,311.26086124777794,2354.2768236329584,336.0642732788622,3336.65,0,13.292171357129941,0.30034399302631476,18.237195072284656,0.05702877789735794,175.9089332697913,0,0,6,9,0,5,0,0
360000,0.004655,0.15176894498290494,257.0993981361389,5.810073856264353,1.061269480502233,True,447.9130240082741,2524.125986901209,348.92040999301474,3246.2,0,12.32549573450545,0.3004298152246985,20.032952189019834,0.05702889338135719,175.92043859651312,0,0,4,12,0,4,0,0
375000,0.00464,0.1907047090571723,234.94623923301697,5.809921072795987,1.8469739436550299,True,427.33561730384827,2553.40650082408,350.0366847483554,3371.0,0,9.316295732388577,0.30019580400517365,16.816955531678456,0.05702901631593704,175.9455035852734,0,0,3,11,0,6,0,0
390000,0.004625000000000001,0.19959017501969356,211.37871432304382,5.8098822720348835,1.342510475544259,True,387.7868352532387,2446.9146841223946,469.06185886669334,3905.9,0,8.536987798491342,0.30002414605046895,10.773167412499811,0.057029057294130325,175.97832653392106,0,11,0,9,0,0,0,0
405000,0.00461,0.18327631907595787,252.52397245168686,5.8100531324744225,1.442155350363464,True,370.22211384773254,2594.6558338400373,465.0745540794871,3682.15,0,2.4753194371555565,0.30002107469078,1.7946492114669041,0.05702918767929077,176.0092440629378,0,0,3,3,0,14,0,0
420000,0.004595,0.18440745177940698,150.9766003191471,5.810012727975845,1.4290281677094754,True,378.39815506339073,2620.8041403949396,419.1492195467446,3961.25,0,1.61200209070198,0.3002188910872385,1.4442741318866257,0.057029299437999725,176.0361966751516,0,0,0,9,0,11,0,0
435000,0.00458,0.16069069951481652,199.14754754304886,5.809833420440555,1.3422505548514891,True,344.4941536784172,2556.307660829729,327.11504105573607,3673.0,0,5.192668801065338,0.3001215624193278,6.4756522165415005,0.05702930688858032,176.06668428704143,0,0,5,5,0,10,0,0
450000,0.0045650000000000005,0.24152180489181774,225.04840806126595,5.809821607545018,1.1333083621866535,True,442.9080999493599,2590.571328425057,316.8601170492163,3880.3,0,1.6389176320544725,0.30013163746767546,0.7200431478433481,0.05702938511967659,176.10087094828486,0,0,0,3,0,17,0,0
465000,0.00455,0.17118021952774143,143.40832835435867,5.809891354292631,1.4263104036217555,True,330.5005365014076,2616.5064023220607,315.98019117555106,4426.25,0,0.9034532682722538,0.3002485310388685,0.6252316752856087,0.05702942609786987,176.1335109807551,0,0,0,10,0,10,0,0
480000,0.004535,0.07806023470038781,77.29797193408012,5.810066096484661,5.594630395396962,True,339.78202298283577,2607.8521888680375,320.25040777045086,4470.4,0,1.3163303559046877,0.30000257569067307,1.2072843520607215,0.05702950060367584,176.1509686857462,0,0,0,11,0,9,0,0
495000,0.004520000000000001,0.1963789282453945,188.7681486904621,5.8098021652549505,1.1950882493256358,True,344.9975909590721,2604.811659185703,332.25186880126836,4593.7,0,0.6474364338380106,0.3001101342656501,0.7052317831310682,0.057029616087675095,176.18574464321136,0,0,0,16,0,4,0,0
510000,0.004505,0.3200726531795226,324.76136487722397,5.809711659327149,15.486895448397263,True,382.6231227517128,2768.639569026097,374.1070561210179,4319.45,0,1.885781585698276,0.3000188051917375,2.5419407613645,0.05702971667051315,176.2289987653494,0,3,0,11,0,6,0,0
525000,0.00449,0.2164897731563542,288.17247354984283,5.809903785586357,3.077137889471487,True,402.29695576429367,2927.1300681724197,364.4899393386277,3352.0,0,4.9634193506384765,0.30020592132610324,4.9620846518116055,0.05702982842922211,176.27177725732327,0,2,5,4,0,9,0,0
540000,0.004475,0.3315322395283147,170.8641393184662,5.80989308655262,3.1441313696705038,True,516.1902150511742,2697.5892187186846,406.96459867937233,2619.4,0,29.492212851566997,1.845392010164666,21.967291067614,0.057030051946640015,176.31147387251258,0,9,8,0,0,3,0,0
555000,0.00446,0.15394177417329047,168.31413558125496,5.809775896370411,2.9018777818710078,True,330.1164497435093,2292.899512952058,479.9383404602978,4472.85,0,54.60633002225819,0.45430082578177,49.66262720292573,0.05703007057309151,176.35012437030673,0,11,0,0,0,5,0,4
570000,0.004445,0.21615650076273596,117.63103944063187,5.809826830402017,0.8700659870664822,True,325.1829398870468,1814.8341436526127,1005.840286775293,2014.2,0,65.86349759608449,1.765645050491297,46.66105593192799,0.05703018605709076,176.38771427422762,0,13,0,0,0,7,0,0
585000,0.00443,0.12599725257314276,71.64634935557842,5.809728430584073,0.682570277058403,True,254.57982525229454,1117.6834409136914,785.6864237031655,1767.25,0,75.85783880846253,1.797099067358597,44.703442999099764,0.05703026056289673,176.42441506683826,0,15,0,0,0,5,0,0
600000,0.0044150000000000005,0.2288816916407086,230.59914003312588,5.809703288599849,2.7860884440742666,True,210.83369633555412,1291.5448980546773,1388.1253162634523,1120.2,0,117.4359489555133,85.54066813506154,17.046669324177383,0.05703034996986389,176.47034531086683,0,16,4,0,0,0,0,0
615000,0.0044,0.11530894649331458,78.90295737981796,5.8098643608391285,0.4293432679405669,True,253.73387011885643,783.1291663409022,438.42839302952603,1899.85,0,78.06742876669674,5.886030945341318,45.020833206556354,0.05703046917915344,176.49650745093822,0,15,0,0,0,5,0,0
630000,0.004385,0.15669422567953006,79.33505916036665,5.809709353372455,1.5185283125028946,True,217.06611520051956,562.3432617309257,693.142984126998,1126.35,0,117.08468666213864,82.76155918924869,15.655449857460749,0.05703049153089523,176.51563698798418,0,15,5,0,0,0,0,0
645000,0.00437,0.33756431346409954,43.80254528671503,5.809916224330664,55.31781137188955,True,307.7056415826082,754.2144076534913,889.8383228773879,1911.4,0,64.62857622953047,12.460918059712183,40.75748758134934,0.05703064054250717,176.5277246311307,0,20,0,0,0,0,0,0
660000,0.004355,0.1558973408609745,101.2241396419704,5.809701284393668,0.6796864903735695,True,219.07667762041092,876.7563790525262,963.430796406089,1157.0,0,113.23783225183645,86.9079082197158,17.833339086465447,0.0570308119058609,176.56280150264502,0,16,4,0,0,0,0,0
675000,0.00434,0.07613727779244073,52.84228290617466,5.809758860617876,0.14341377833625302,True,221.18534237146378,444.56872395094854,267.24795276359174,1553.5,0,77.25472987207645,2.429921477253856,45.99398623627694,0.05703086778521538,176.57097163051367,0,10,5,0,0,5,0,0
690000,0.004325,0.22606600517610786,91.1508683077991,5.809748137369752,2.4045626579754753,True,219.86396384239197,1002.989707829126,831.2232864897583,1222.2,0,107.509326333058,91.62731440476422,10.795040364208745,0.057031042873859406,176.61755444854498,0,18,2,0,0,0,0,0
705000,0.0043100000000000005,0.25980304284894373,67.38717284798622,5.809702720493078,1.40807982973638,True,279.1873855292797,726.1995217261216,664.8140269131117,1274.75,0,106.42046297508132,66.81217430307417,22.936266888757658,0.05703132599592209,176.65466862171888,0,13,7,0,0,0,0,0
720000,0.004295,0.2036709943349706,38.940908286720514,5.809704091399908,0.7140361047786428,True,240.86541756987572,652.121604724287,629.5241100170975,1370.55,0,103.12669388505246,29.741639423536274,36.9960943384175,0.05703156441450119,176.68669237196445,0,13,7,0,0,0,0,0
735000,0.00428,0.2964684887556359,206.02447172999382,5.809706876054406,19.056962674469105,True,403.12381559610367,1245.9158869862258,935.8343981070077,1712.25,0,72.48378615675485,5.771720834033477,48.95124035725438,0.057031694799661636,176.73154339194298,0,8,7,0,0,5,0,0
750000,0.004265,0.29040128680935595,192.21582381427288,5.8096789345145226,5.564835337587283,True,337.36509054899216,990.3504576294314,1006.9971938772127,919.4,0,128.4133343155209,118.69954073996495,9.302605310495718,0.05703175440430641,176.77112187445164,0,16,4,0,0,0,0,0
765000,0.00425,0.05778000158170471,21.37288348376751,5.809951173141599,0.3481150114093907,True,242.9551754295826,292.9706327799012,137.0105438237678,861.05,0,130.06542902658177,117.73844540966975,11.402092096695702,0.057031720876693726,176.7599719464779,0,16,4,0,0,0,0,0
780000,0.004235,0.2922079119598493,137.7787607908249,5.8096207696944475,4.755072525149444,True,373.62125089764595,430.1657794299523,663.9868236681747,1154.95,0,116.95244491545218,38.010629488321825,18.918135022321135,0.05703183263540268,176.77421038597822,0,12,8,0,0,0,0,0
795000,0.00422,0.24618396449659485,147.81486228108406,5.8097199480980635,15.186538418929558,True,266.51857501268387,727.9724223655397,940.3149376407464,1230.3,0,106.02936621884619,44.03180473636792,37.017194285962674,0.05703195929527283,176.80830421298742,0,14,6,0,0,0,0,0
810000,0.0042049999999999995,0.06923342781374231,15.12186049669981,5.809807891026139,0.2548265101358993,True,250.48198279738426,353.01947072207616,163.86898427925703,1285.9,0,104.67499959850954,45.4468027832458,34.948917113405734,0.057032085955142975,176.79228480160236,0,12,8,0,0,0,0,0
825000,0.00419,0.32210575163480826,245.04051150381565,5.8097448740154505,11.68278786331939,True,322.0733803808689,881.1721265487265,1064.1135731320392,881.55,0,130.1168604631238,118.70176907701635,9.705880464498811,0.05703223496675491,176.81376661360264,0,11,9,0,0,0,0,0
840000,0.004175,0.16019341533683473,118.21289973706007,5.809687243774533,0.5951005157548934,True,227.37481662631035,637.4374255326264,930.9596768021493,1108.45,0,104.98657271758842,43.490702829096854,41.67669103131317,0.05703236162662506,176.826800622046,0,17,3,0,0,0,0,0
855000,0.00416,0.1369142097137228,88.32609986513853,5.809738853946328,0.5061925535846967,True,245.33587259054184,398.65443590897354,694.8717805649194,1353.2,0,89.47912387346476,1.382363400666707,65.3834641266215,0.05703248456120491,176.8541254401207,0,9,4,0,0,7,0,0
870000,0.004145,0.4219697838052525,568.2442829608917,5.809764886274934,13.024908746461733,True,695.014741063118,1848.0690644663205,1386.4166442823068,966.8,0,115.45981553307331,44.04419327579686,37.27978735169574,0.0570325069129467,176.91499322652817,0,13,7,0,0,0,0,0
885000,0.00413,0.18794612192868954,226.0043087080121,5.809570180252194,1.7818101576267509,True,233.67705282568932,505.86895193452585,876.004037446224,916.0,0,109.75160908393559,43.64481411893586,44.779060986040285,0.05703260749578476,176.9308450371027,0,16,4,0,0,0,0,0
900000,0.004115,0.2588468488538638,365.9141763448715,5.809670612215996,9.399019397198572,True,346.98407927155495,1090.976784929334,1246.3365251312669,876.05,0,121.43488177641925,94.99486064689822,21.31554070138372,0.05703269690275192,176.97838397324085,0,17,3,0,0,0,0,0
915000,0.0041,0.2714976160641527,347.13949105143547,5.809659266844392,3.3104274297802476,True,364.1950085759163,970.3529080618189,1146.904430311209,891.0,0,121.81857778976689,100.74245215334305,19.05635346096996,0.05703280121088028,177.0128752142191,0,18,2,0,0,0,0,0
930000,0.004085,0.37749985681148246,81.86230284720659,5.809284469112754,13.80144318054954,True,262.38777500391006,686.6668376352012,651.4513869999228,784.2,0,120.6228556019831,73.3239837716764,27.06651551897404,0.05703302100300789,177.03055535256863,0,19,1,0,0,0,0,0
945000,0.004070000000000001,0.27296048650168814,110.78322824835777,5.80952550843358,2.3537441595399287,True,271.8590997457504,835.7744815303486,578.2496385367025,839.85,0,122.5021667878232,79.0126418271643,29.238367307746994,0.05703331157565117,177.06885117292404,0,12,8,0,0,0,0,0
960000,0.004055,0.1960161729803076,81.38350044190884,5.809537259861827,1.7727045012725284,True,255.0651014149189,487.6006168462747,581.3574139010252,1017.75,0,114.26198813425148,79.17630060716436,27.468957750462327,0.0570334792137146,177.08248129487038,0,20,0,0,0,0,0,0
975000,0.00404,0.1778944428479008,74.60455557703972,5.809519728645682,7.539093538667657,True,266.597833275795,560.7076026251705,561.4265880088782,777.1,0,122.69244435951505,79.64393335703012,23.224597065239713,0.05703357979655266,177.10545147955418,0,20,0,0,0,0,0,0
990000,0.004025,0.26132666354533285,126.56178385019302,5.8095373921096325,2.6972237142181257,True,319.7054535448551,592.2684151858773,453.21279557529687,1053.5,0,108.51881494501586,82.38734652002185,24.35399722359847,0.05703373998403549,177.11059033870697,0,20,0,0,0,0,0,0
1005000,0.0040100000000000005,0.13999521268124226,82.56512524560094,5.809511290863156,5.268342000854318,True,269.5608216524124,626.9848307002483,536.8953216607085,1173.9,0,109.84308810084414,87.03601911514082,21.6822009398748,0.057033855468034744,177.14301893115044,0,20,0,0,0,0,0,0
1020000,0.003994999999999999,0.11602728382058558,50.64143078774214,5.809535384178162,1.5981558465282433,True,282.0414450764656,553.4008745397647,433.4636719797156,982.35,0,116.25742053712986,90.8708338214763,18.312574543415593,0.05703398957848549,177.1533986032009,0,20,0,0,0,0,0,0
1035000,0.00398,0.07442717283993261,41.58645782247186,5.80969899520278,0.46041179266467225,True,296.62350407242775,398.533163780102,363.46647340723894,1008.55,0,116.61844502803805,92.36752373271591,22.75422044070248,0.057034023106098175,177.15276969969273,0,19,1,0,0,0,0,0
1050000,0.003965000000000001,0.0682133516529575,27.345212964341044,5.809728780761361,0.8736401547212154,True,244.33395986258984,314.01374541387713,282.3740736079091,661.5,0,133.0960966319896,88.1735061595526,14.419787390408842,0.05703403055667877,177.14065144956112,0,14,6,0,0,0,0,0
1065000,0.00395,0.1124819323686097,38.37250557914376,5.8095348458737135,1.8254582163208397,True,298.4643249809742,224.45215232941456,363.5362665343916,887.25,0,117.28711900749138,88.68396280331254,27.139418287294323,0.05703406780958176,177.15335638821125,0,12,8,0,0,0,0,0
1080000,0.003935,0.3737775265108212,71.60072692483664,5.809504201635718,1.9723576539108763,True,646.1171205937862,511.0427755539916,545.1231513209372,822.0,0,122.07677398890189,93.45622192472553,22.714865067186476,0.057034119963645935,177.1799595206976,0,9,11,0,0,0,0,0
1095000,0.00392,0.09875568075949559,67.27914870530367,5.809642173349857,0.5485886656533694,True,297.8130362033844,392.5414901720423,434.2471253755137,649.45,0,130.02036021596265,98.79041795386759,16.629189042476938,0.057034194469451904,177.1881738305092,0,20,0,0,0,0,0,0
1110000,0.003905,0.11295125573815312,44.38324607536197,5.809531623497605,0.8413397627591621,True,254.07330095767975,182.92396539761302,196.18633305879845,591.8,0,132.92167325909395,100.8253067050611,20.073758809105538,0.05703442171216011,177.1768359541893,0,11,9,0,0,0,0,0
1125000,0.0038900000000000002,0.15466162848315435,58.1035011485219,5.809486668556929,0.4201273977669189,True,277.0053985416889,407.19315898486104,406.5940215246888,628.8,0,129.9125825532189,101.8068724874165,20.2708124950219,0.05703456327319145,177.19609840214252,0,14,6,0,0,0,0,0
1140000,0.0038750000000000004,0.13219853956979932,56.82783158868551,5.809592297300696,0.5221152077574516,True,304.73070445656776,434.18872995039163,368.3501593652727,405.95,0,140.24116723995047,96.22019146902029,14.154206988226262,0.05703473091125488,177.21783103048801,0,20,0,0,0,0,0,0
1155000,0.00386,0.2530382451368496,100.7683452218771,5.809518883004785,2.7927339570742333,True,324.22668266296387,512.6806107692894,554.2393555371393,568.2,0,132.14826056825373,89.20919832451395,22.962875065465585,0.05703479051589966,177.2491329461336,0,20,0,0,0,0,0,0
1170000,0.0038450000000000003,0.29555454982619267,131.48044481873512,5.809463525190949,4.976801080003497,True,358.7984459400177,520.6492073373769,640.7979367031954,1005.0,0,105.0780374552696,39.2142665174206,48.86331604143027,0.05703503638505936,177.28964821994305,0,7,6,0,0,7,0,0
1185000,0.00383,0.33827541261416627,147.85369709134102,5.809331966564059,2.796663481654832,True,409.21814888715744,494.52711550699325,761.3995975535519,837.6,0,112.05961505942832,78.66185352601408,33.757221930864766,0.057035163044929504,177.3289081454277,0,18,2,0,0,0,0,0
1200000,0.0038150000000000002,0.19310277176555246,110.80462196469307,5.809317521750927,2.5416615204594564,True,306.3223930001259,910.7187599123712,1038.903960777574,1024.7,0,107.79556234974525,26.59142522656048,53.557478749859015,0.05703527480363846,177.3770827651024,0,9,5,0,0,6,0,0
1215000,0.0038,0.17508138759876601,115.36823708564043,5.809570860117674,1.7502176003908971,True,304.8244327902794,542.4411938990739,741.5306629090334,663.8,0,128.70119030849278,74.3045385477032,27.704219484784826,0.05703529343008995,177.3975565135479,0,20,0,0,0,0,0,0
1230000,0.003785,0.28327936029381817,134.4611309170723,5.809382731094956,7.83808572680573,True,364.1755843758583,745.8472293218861,685.2130133237436,448.9,0,141.27592651516542,123.17467724974043,8.486704288999015,0.057035431265830994,177.42576867341995,0,14,6,0,0,0,0,0
1245000,0.00377,0.12396329625698854,26.120962781831622,5.809482779353857,9.155013971787412,True,225.8667455613613,99.48023593077065,100.55784088974839,540.95,0,138.40709144371294,126.5280384783536,9.268410266471275,0.05703556537628174,177.37626767158508,0,16,0,0,0,4,0,0
1260000,0.003755,0.10728657565778121,19.665775902569294,5.80942852422595,2.6451185906335013,True,272.4503892362118,74.34206206079314,83.69010554242914,489.45,0,141.90785172750373,131.7765939638094,5.799815737982657,0.0570356622338295,177.33937497437,0,20,0,0,0,0,0,0
1275000,0.0037400000000000003,0.13073691775207408,16.89013262093067,5.8095749244093895,1.1546227757935412,True,269.636802315712,87.90793640768099,88.01793674401657,473.65,0,142.42538105278066,133.4633718304154,5.035693609415214,0.05703570693731308,177.30583323538303,0,16,4,0,0,0,0,0
1290000,0.003725,0.11209951085402281,15.387397152371705,5.809459246695042,2.580006468910142,True,212.95330354571342,54.92697196503032,57.67251300434279,482.3,0,141.76070585531755,131.6920609296295,5.885176364648029,0.05703580752015114,177.26866045594215,0,8,9,0,0,3,0,0
1305000,0.00371,0.07437208903502324,15.14508024789393,5.809647515416145,0.2033619510330027,True,242.11735466122627,160.6451264583227,112.31545280543713,541.35,0,139.97612162337526,132.15003960143702,5.7569736729480665,0.05703580006957054,177.24671337008476,0,9,11,0,0,0,0,0
1320000,0.003695,0.1207769849934266,17.18420492298901,5.809476237744093,1.4301810813049087,True,296.65456026792526,105.79733560714503,92.76437472371146,506.05,0,141.63557098688835,132.72893211969682,5.875860756278287,0.057035893201828,177.22093944251537,0,14,6,0,0,0,0,0
1335000,0.00368,0.07830023710994283,16.37987680360675,5.809604367241263,0.5233955337753287,True,237.52412179112434,77.80893743285546,87.46191331696227,462.35,0,142.47592752994993,132.67298066515212,5.6779730147491065,0.057035963982343674,177.19719699025154,0,15,5,0,0,0,0,0
1350000,0.003665,0.05449277894149418,14.866992723196745,5.809568990021944,2.719718445572653,True,220.79349388182163,56.60952549161684,79.41670910250053,454.3,0,142.97074594575827,132.49186978199998,5.2687791442454355,0.05703599005937576,177.17495223879814,0,16,4,0,0,0,0,0
1365000,0.00365,0.09961309680511476,15.823507407680154,5.80952656082809,0.7767453313135775,True,296.6236878335476,38.87992721172724,60.26452346498896,474.75,0,141.779645292323,132.64702743407378,5.987482536182307,0.05703612044453621,177.1462446525693,0,14,6,0,0,0,0,0
1380000,0.0036349999999999998,0.07552004758326802,10.884827520698309,5.809541577473283,0.7924791283003287,True,229.09529522061348,19.788730275979585,3.954056150169982,437.45,0,144.11943206307322,132.65616399418371,3.838576277900385,0.057036228477954865,177.12373204529285,0,18,2,0,0,0,0,0
1395000,0.00362,0.05968306543218205,9.78104211203754,5.809574404731393,0.7023999491066206,True,214.57381013035774,46.56858788437562,78.84622206910547,485.3,0,141.8944210248782,131.01338009669573,6.29280941031722,0.05703632906079292,177.10373747348785,0,14,6,0,0,0,0,0
1410000,0.003605,0.058520769525785,13.351267023012042,5.8095521461218596,0.16553651264985092,True,209.8768885433674,86.45427320955761,120.1062575330665,422.4,0,143.0242481741572,130.06650828395377,6.690417919428787,0.05703642964363098,177.09600515663624,0,20,0,0,0,0,0,0
1425000,0.00359,0.043027379135310184,12.756366308778524,5.809520648792386,0.20877782235038467,True,201.70201095938683,95.48902761046432,126.14835009360236,441.25,0,141.5991534967568,129.8030389172851,7.920924414660778,0.057036567479372025,177.09323795884848,0,20,0,0,0,0,0,0
1440000,0.0035750000000000005,0.03900756208167877,12.698992608115077,5.809538992121816,0.07787050388287753,True,219.5916634052992,116.73046529443427,137.80602640834422,488.8,0,138.9133738383326,129.57608013122285,8.602551519471737,0.057036541402339935,177.09380500763655,0,20,0,0,0,0,0,0
1455000,0.00356,0.04264174984564306,12.050394737161696,5.809490850195289,0.10117347772757057,True,204.85769522190094,38.4771110494355,81.47535315441564,445.8,0,143.1132227655177,129.82712001313072,5.83909395878983,0.057036496698856354,177.09649021178484,0,20,0,0,0,0,0,0
1470000,0.0035450000000000004,0.04309134330469533,12.225755590945482,5.809525774791837,0.12176236121740658,True,212.18893140554428,119.73440826136452,133.42864758870334,441.65,0,141.35880357960477,130.13608969880724,8.39115931094154,0.057036567479372025,177.09440361708403,0,20,0,0,0,0,0,0
1485000,0.0035299999999999997,0.05410710085197934,12.289164076559246,5.809593992307782,0.21890244334645104,True,222.31008249521255,98.30512646643237,113.07974461406322,414.4,0,143.44249913295965,130.23658489066125,6.814240062530925,0.05703657120466232,177.08746272325516,0,20,0,0,0,0,0,0
1500000,0.0035150000000000003,0.03011767038333346,11.398879632353783,5.8096499014645815,0.07235369358386379,True,211.3580071181059,112.81632936637388,127.38070946597811,367.4,0,145.32071842387592,130.17959140673935,5.467275826875088,0.05703582614660263,177.07997346669436,0,20,0,0,0,0,0,0
1515000,0.0034999999999999996,0.16559544753545197,11.39118526596576,5.809535292908549,0.15999623220704962,True,349.49520766735077,118.90003328321995,134.0818847029466,405.1,0,144.81141189748163,130.35142405921664,5.272651993855772,0.05703660100698471,177.07816131412983,0,20,0,0,0,0,0,0
1530000,0.0034850000000000003,0.02883206146361772,12.549091001972556,5.809541517868638,0.07196105465118308,True,216.51543056964874,88.45920076219505,110.1073325104433,488.4,0,141.0974179058695,130.54191661719878,7.99553405134477,0.0570366233587265,177.07856419682503,0,13,0,0,0,7,0,0
1545000,0.00347,0.030385623787879013,9.463516334537417,5.809556037187576,0.07547010961570777,True,202.95364452898502,108.81687870016276,124.50449985531777,427.4,0,142.23812080413896,130.71127716115603,8.555121571666394,0.057036690413951874,177.07632970809937,0,14,0,0,0,6,0,0
1560000,0.003455,0.02637293671432417,9.847763949073851,5.809491515159607,0.056211041868664324,True,197.27366623282433,60.30578854649728,102.80365180440725,413.2,0,143.68882846638522,130.88847415054033,6.805689049429404,0.05703679472208023,177.0683854445815,0,16,0,0,0,4,0,0
1575000,0.00344,0.02877441571399686,10.48351037176326,5.80950540304184,0.14046733392751776,True,196.56230472028255,111.34619908199534,136.66196161181304,471.15,0,140.3948928044603,127.11221006023479,9.909483988784425,0.05703681334853172,177.06703112274408,0,7,7,0,0,6,0,0
1590000,0.0034250000000000005,0.037400938828795915,10.200970589416102,5.8094895258545876,0.06658733874792233,True,186.80206321179867,118.77553560190458,150.62864922691853,396.25,0,145.57400346657397,127.49751228469209,4.906285772239823,0.05703680217266083,177.07920982688665,0,13,1,0,0,6,0,0
1605000,0.00341,0.02463311762403464,6.0317141194827855,5.809561315923929,0.05266286166443024,True,184.39324690401554,81.52578468689346,127.19625486045051,440.65,0,142.319459953596,127.57698363797937,7.805230921263578,0.05703677982091904,177.08369153738022,0,16,4,0,0,0,0,0
1620000,0.0033950000000000004,0.014585128283215454,9.612648205133155,5.809639411047101,0.03467698062013369,True,189.8594594746828,95.57717018324709,131.9653838021599,483.25,0,140.89788258729035,127.72671769019426,7.983053480529014,0.0570368692278862,177.09097170829773,0,15,5,0,0,0,0,0
1635000,0.0033799999999999998,0.023406054413499078,10.331206270959228,5.80960251018405,0.04927060399495531,True,197.32064636051655,168.9609832322477,151.11877506011547,494.35,0,139.36840422797778,127.71957151971003,8.873944354629998,0.05703681334853172,177.1000258475542,0,13,7,0,0,0,0,0
1650000,0.0033650000000000004,0.016908151854295284,9.45836776169017,5.809519549831748,0.03826249050325714,True,196.55376775562763,40.23130711003595,98.80341615181678,488.3,0,140.4181479476224,127.65841831037582,8.534209188537725,0.05703628435730934,177.1093367934227,0,14,6,0,0,0,0,0
1665000,0.0033499999999999997,0.017914932941494044,5.704091295367107,5.809481965377927,0.041490875722956844,True,179.24011823534966,22.72335760210462,17.68341530113446,412.4,0,142.927214776334,127.79128354526688,7.954620499677989,0.057036567479372025,177.11535692214966,0,16,4,0,0,0,0,0
1680000,0.0033350000000000003,0.028855757671408355,6.989095162134618,5.809598620980978,0.039374421699903905,True,190.67394630610943,77.93045095816733,123.10812205811798,473.7,0,140.47052445667538,127.5206984005449,8.786909254333985,0.05703622102737427,177.12250228971243,0,14,6,0,0,0,0,0
1695000,0.0033199999999999996,0.02699103827762883,6.824095206335187,5.809555081650615,0.05228947191790212,True,200.7637193799019,80.25950721979065,131.84551015403943,447.85,0,142.1664583563036,126.7439432595444,8.052937017783965,0.05703653395175934,177.13089394196868,0,20,0,0,0,0,0,0
1710000,0.003305,0.02254417908625328,5.981331036658958,5.8095289375633,0.04482520720193861,True,200.02844001352787,110.74806501485644,154.73193904912043,451.75,0,141.43087321773527,127.14374498657206,8.610924312584881,0.05703648924827576,177.14301592111588,0,20,0,0,0,0,0,0
1725000,0.0032899999999999995,0.01903939569092472,4.274788537062705,5.809578882530332,0.03302993442048319,True,186.85872031748295,81.55949885920431,129.52383319286278,448.4,0,143.26426428737994,127.2045750221189,5.951421773865273,0.05703648179769516,177.14525004848838,0,20,0,0,0,0,0,0
1740000,0.003275,0.012364399935904657,3.6576019087806344,5.809591602534056,0.038419187781983055,True,182.95379815995693,11.858971132119198,15.876405015608976,460.4,0,141.1750317651967,128.2303249170927,8.039128895825815,0.05703646317124367,177.15318251401186,0,15,5,0,0,0,0,0
1755000,0.0032600000000000003,0.017763218595064245,3.322911761002615,5.809584686532617,0.028191263947519474,True,183.60589848458767,28.17150207634042,20.779227095747785,399.6,0,143.56591942908017,127.21358914468917,7.473363214092607,0.057036563754081726,177.15009677782655,0,20,0,0,0,0,0,0
1770000,0.003245,0.01805053496354958,5.054128795396537,5.809644402936101,0.0286097877760767,True,193.01381520926952,116.46894366507486,140.5403188915727,534.1,0,137.8647402995618,127.25149243689819,8.907792469586587,0.057036589831113815,177.15768595039845,0,20,0,0,0,0,0,0
1785000,0.0032300000000000002,0.026681321392970858,6.489491334883496,5.80961680971086,0.024955250104540028,True,238.8369213193655,87.51620511319678,117.87895648436783,487.1,0,139.9705909640847,128.3531982616227,8.736664767652867,0.05703646317124367,177.16300096735358,0,13,7,0,0,0,0,0
1800000,0.003215,0.02072972119640326,4.553902118932456,5.809577543288469,0.01886078125971835,True,219.49651142954826,72.7256229191369,126.10272590133805,432.9,0,141.3171971856686,127.2465611248372,9.438278491593891,0.05703626945614815,177.17059707641602,0,20,0,0,0,0,0,0
1815000,0.0032,0.01704080737181357,5.248108565225266,5.809483041986823,0.04655133768392261,True,172.75841124355793,38.64502829967728,91.07453898430367,452.15,0,142.2372767977593,127.04101229694184,7.876856292681108,0.05703664943575859,177.1782185472548,0,20,0,0,0,0,0,0
1830000,0.0031850000000000003,0.019210266189475078,4.739954884396866,5.809571782127023,0.023613707555341534,True,201.71843254566193,144.94162367520704,154.88935721271312,412.25,0,144.52536316115416,127.8030063177908,4.789016851004001,0.05703667551279068,177.184857647866,0,19,1,0,0,0,0,0
1845000,0.00317,0.01974147373402957,3.597235676134005,5.809551874175668,0.03242642059922218,True,191.13559302687645,84.66760252436688,127.14979310407367,542.7,0,137.53689529640187,126.8177899731711,9.00922315038248,0.05703670158982277,177.18946215510368,0,20,0,0,0,0,0,0
1860000,0.0031550000000000003,0.020428265786904376,4.641347259748727,5.80961037427187,0.03031680414278526,True,207.4689294397831,180.86316040479772,164.84505635721985,480.2,0,139.5390217220425,126.70344943813959,9.705639353181065,0.057036709040403366,177.20055681839585,0,20,0,0,0,0,0,0
1875000,0.00314,0.026675450109905796,3.84796901862137,5.80951214954257,0.03351513727102429,True,209.43260388076305,139.08371329070678,168.26113745937042,428.7,0,143.4631212851156,126.58853714939521,6.330688172064378,0.05703674629330635,177.20845014974475,0,20,0,0,0,0,0,0
1890000,0.003125,0.024813815078232437,3.405748740071431,5.809568764641881,0.027672981457726564,True,190.30040311813354,61.486349944218475,95.09769142027424,461.45,0,140.43806652009374,126.68770800245791,9.378871814230504,0.057036686688661575,177.21159018576145,0,20,0,0,0,0,0,0
1905000,0.00311,0.018832465935702203,4.67008076258935,5.809704650193453,0.03400945737666916,True,204.58285139501095,170.01323252122012,170.49655281581403,462.65,0,140.50066989265693,126.93579854825195,9.27117578796025,0.057034946978092194,177.21698174253106,0,20,0,0,0,0,0,0
1920000,0.003095,0.16272183709952515,4.254761719377711,5.809554349631071,0.09405712045554537,True,346.5863085389137,111.72355182697729,146.48875311055903,433.2,0,142.5112818013929,126.7368279619193,8.249223133298479,0.05703671649098396,177.2167366668582,0,20,0,0,0,0,0,0
1935000,0.00308,0.01052207667453331,4.131838840898126,5.809569535776973,0.0769864916219376,True,172.16707791388035,84.22999254112686,128.58332304617753,492.75,0,140.00985031597463,126.74052577267575,8.99505646933875,0.05703672021627426,177.2193612679839,0,20,0,0,0,0,0,0
1950000,0.003065,0.04288248335433309,4.371325568994507,5.809584764763713,0.045007038992480375,True,213.4508155733347,108.62503219541637,148.4271237349886,477.15,0,139.5842124519907,126.5443258553016,9.898489111231552,0.0570356585085392,177.22218399122357,0,20,0,0,0,0,0,0
1965000,0.00305,0.014232832769266679,5.7962231314741075,5.809677071869373,0.03575836984964553,True,192.06081660091877,172.87294162825455,168.05704195957654,434.2,0,141.67387017927632,126.24664972609695,9.279812776830783,0.05703645944595337,177.22504104301333,0,20,0,0,0,0,0,0
1980000,0.003035,0.026265080960001796,3.1733316937461495,5.80964332818985,0.021615284800645895,True,206.92278715968132,121.29037769965002,146.60634066278374,464.25,0,141.56788953486586,126.0695641323589,8.219225105124377,0.057036224752664566,177.22954009473324,0,20,0,0,0,0,0,0
1995000,0.00302,0.01251435860467609,3.3914311917033046,5.8095886912196875,0.027812556174467318,True,194.07040229439735,80.95371605284078,133.2639539471309,414.55,0,143.3451374984241,126.20436259878518,7.704405121316025,0.057036593556404114,177.2327634766698,0,20,0,0,0,0,0,0
2010000,0.003005,0.013305458578543039,4.093305119778961,5.809597946703434,0.020262976955564227,True,194.11065508425236,185.6881737148268,156.62117470194462,452.2,0,141.45898067844277,126.5871503160106,8.945470945365729,0.05703657492995262,177.23848260194063,0,20,0,0,0,0,0,0
2025000,0.00299,0.018165203531680163,3.0099135616328567,5.809577580541372,0.031709117523860186,True,187.0926353186369,87.0815064979816,126.52000936159011,430.3,0,143.10472566203984,127.13261179512712,7.278810701439873,0.05703656002879143,177.23998172208667,0,20,0,0,0,0,0,0
2040000,0.0029749999999999998,0.019786322132858913,3.1155928114894778,5.809718318283558,0.026249648522934876,True,203.43371286988258,61.059876231560146,94.2117022722802,496.3,0,139.78772128602392,127.31525786509057,8.62637387912026,0.05703550949692726,177.237560544163,0,20,0,0,0,0,0,0
2055000,0.0029600000000000004,0.014243897479900625,4.311818123795092,5.809617463499308,0.04836842909571715,True,170.05445316433907,113.5887260267436,143.54512585766756,405.9,0,144.1165304089067,127.11945484044146,6.429588298958485,0.05703665688633919,177.23569696769118,0,20,0,0,0,0,0,0
2070000,0.0029449999999999997,0.01784049952402711,3.6907458554487675,5.809648465365171,0.02140485386189539,True,184.03835256397724,77.49576269401304,124.39483975584862,440.35,0,141.45044310925894,126.47838924012936,9.114057223671391,0.05703640356659889,177.2363506052643,0,20,0,0,0,0,0,0
2085000,0.0029300000000000003,0.012637123229069402,3.8541846349835396,5.809619037434459,0.022440584580181167,True,188.56886838376522,99.46590390633597,116.03944633286213,539.7,0,138.7963509325419,133.97797039549945,5.366698771696212,0.05703630670905113,177.23951872438192,0,20,0,0,0,0,0,0
2100000,0.002915,0.018627302764798515,6.212174233049154,5.809671338647604,0.4814122712414246,True,163.72993117570877,112.7068092555455,117.17434878593414,458.4,0,142.37118329705118,129.51046921692014,6.967891158439682,0.057035863399505615,177.21534018404782,0,20,0,0,0,0,0,0
2115000,0.0029000000000000002,0.012536014743091073,4.605811486253515,5.809667157009244,0.3302170833485434,True,146.18554185330868,58.93235434490947,65.29900420347407,442.5,0,141.78780837676138,133.66998139330457,7.02293973460402,0.05703603848814964,177.2031389605254,0,20,0,0,0,0,0,0
2130000,0.002885,0.02460314648851636,4.241557406727225,5.809696128591895,0.1190007409604732,True,183.0941177457571,71.80121947895309,87.34132455456619,386.85,0,145.19449289436795,133.14926755980105,4.575113205058292,0.057035181671381,177.19608899205923,0,20,0,0,0,0,0,0
2145000,0.0028700000000000006,0.02669079259794671,4.835136516485363,5.80968776717782,0.026541099810856394,True,214.16136880218983,70.52347496962012,88.36660802376623,410.05,0,143.87030230925296,132.8933392961548,5.80625078581568,0.05703454464673996,177.18874851986766,0,20,0,0,0,0,0,0
2160000,0.002855,0.02395423701091204,5.505677530309185,5.809746645390987,0.03189816509257071,True,204.4721140563488,51.191256120014025,75.45702726407646,487.9,0,140.70262088561117,133.02614078027196,6.7786312982349815,0.057033441960811615,177.18346629105508,0,20,0,0,0,0,0,0
2175000,0.0028400000000000005,0.02296652731820359,4.016366495983675,5.8097270634025335,0.023134330738685094,True,219.5787909924984,79.06690393072806,87.33189985813785,438.35,0,143.25246985408552,132.73652633254255,5.479200049683395,0.057034932076931,177.17930679954588,0,20,0,0,0,0,0,0
2190000,0.002825,0.012288464171433588,4.263164546340704,5.809707719832659,0.021047309652203694,True,223.10083147883415,86.18564719941102,90.85605613321924,464.1,0,141.85330859756266,132.26421109070864,6.677091220714022,0.057035401463508606,177.176796130836,0,14,6,0,0,0,0,0
2205000,0.0028100000000000004,0.019488201389322057,4.6494781714864075,5.809599859640002,0.02898881096916739,True,211.78022482991219,95.87305322376048,97.19258909276704,421.15,0,143.50184475572968,131.835700761113,6.341849363002135,0.05703718587756157,177.17301298491657,0,20,0,0,0,0,0,0
2220000,0.0027949999999999997,0.02271424482751172,4.031752730952576,5.809599429368973,0.01973982059280388,True,226.17805090546608,102.86497587482893,95.68336422222772,425.2,0,143.39223085261293,131.4358322344173,6.495266268298989,0.05703723430633545,177.1688962727785,0,20,0,0,0,0,0,0
2235000,0.0027800000000000004,0.015277092476026155,2.372576018795371,5.809563733637333,0.018749589973594993,True,185.7319403886795,16.290986222640726,21.29658567761277,455.95,0,141.19879778452236,131.12824857765364,7.9015270654841405,0.05703712999820709,177.16783230565488,0,20,0,0,0,0,0,0
2250000,0.0027649999999999997,0.010348335592425428,4.800763734150678,5.809559820219874,0.03043113194871694,True,209.9167789965868,108.4791830217489,109.3456170349286,515.8,0,141.4416461585832,130.82681463358406,5.298009939148021,0.057037197053432465,177.16975118592381,0,20,0,0,0,0,0,0
2265000,0.0027500000000000003,0.018078108580084518,5.142566489055753,5.809575341641903,0.02102662160177715,True,223.43233348429203,120.62043863862368,104.71093095026187,481.0,0,141.93498484497167,130.8999124531289,6.155242702711067,0.057037293910980225,177.17278359644115,0,20,0,0,0,0,0,0
2280000,0.0027349999999999996,0.013036588596150978,3.2882373377215117,5.809556836262345,0.01934338231512811,True,193.35384929180145,44.33820849669744,71.71103134744463,509.7,0,139.35073464445077,130.87342823060627,7.982556825814288,0.057037353515625,177.17416588403285,0,20,0,0,0,0,0,0
2295000,0.00272,0.015040300608234247,3.567404108121991,5.809630429372191,0.01952161041845102,True,226.96742290258408,53.50908850222062,95.29199289681243,492.2,0,140.6604114945801,131.0614785345718,7.080419192034947,0.05703677982091904,177.17337920702994,0,20,0,0,0,0,0,0
2310000,0.0027049999999999995,0.019923517444112804,4.336876647081226,5.809546127915382,0.023919990344438702,True,227.40579557418823,45.58951667123186,72.9337841658015,402.75,0,143.05049827536678,130.9463478853835,7.671316269401513,0.05703717842698097,177.17848139069974,0,20,0,0,0,0,0,0
2325000,0.00269,0.018630729646247346,3.6569244298152626,5.809456165879965,0.03473368790582754,True,204.52424374222755,79.72205337521312,105.65207054588855,329.05,0,146.2477587787177,130.48449852194753,5.203277499315107,0.0570373609662056,177.1829387638718,0,20,0,0,0,0,0,0
2340000,0.002675,0.012838959553846507,4.061013759346679,5.809510480612516,0.020486047360464,True,222.9693160355091,101.75759390191489,120.33622532852222,472.9,0,140.77920258567482,130.68132381801053,7.955385728993963,0.0570373609662056,177.18740237690508,0,20,0,0,0,0,0,0
2355000,0.00266,0.012860326511145104,3.45974697265774,5.809503983706236,0.024711756894248538,True,210.91907620429993,106.7532388004807,93.85665722395753,393.25,0,144.67539608908345,129.7526917718962,5.939063733656947,0.05703747272491455,177.19242015480995,0,20,0,0,0,0,0,0
2370000,0.002645,0.012881606027804082,2.5032115689245984,5.809422401711345,0.02616001905698795,True,186.57250240445137,56.99164427148774,74.33369762935945,513.8,0,139.67116841390984,129.76701425203458,7.477694855182107,0.05703696236014366,177.20340535230935,0,14,6,0,0,0,0,0
2385000,0.00263,0.015761993490741588,3.8872306456323713,5.809589356184006,0.01881918657454662,True,220.63390780985355,87.65930231601509,116.37214153585626,435.85,0,142.87691015210416,129.77114445902038,7.114299433210668,0.05703722685575485,177.21111946366727,0,16,4,0,0,0,0,0
2400000,0.002615,0.015924252518743742,3.10099437716417,5.8094766810536385,0.03043370421801228,True,196.12824226915836,70.98842267469118,98.58045843400363,561.6,0,138.62227783205373,129.5579747317122,6.7391545720874895,0.05703749507665634,177.22062306292355,0,14,6,0,0,0,0,0
2415000,0.0026000000000000003,0.015006316512881313,3.9224265741650015,5.809585753828287,0.017667824315140024,True,201.21906837821007,89.02264238490537,97.03108928232716,423.2,0,142.78873933331266,129.4735948219868,7.431658505734512,0.05703682452440262,177.22909971140325,0,16,4,0,0,0,0,0
2430000,0.002585,0.008826800531096524,3.607606543926522,5.809581369161606,0.018131812597857788,True,202.78076857328415,76.57056170393442,102.35019586207694,512.95,0,140.7862643588395,129.76298949093973,6.761026044781501,0.05703704059123993,177.2383604142815,0,16,4,0,0,0,0,0
2445000,0.0025700000000000002,0.013380570533627179,3.8974206685088575,5.809557031840086,0.01973970339167863,True,217.5993269085884,115.99516936202744,120.94622727064994,544.15,0,137.94239017770258,129.9613739127007,7.758401014642817,0.05703749507665634,177.2457730397582,0,9,9,0,0,2,0,0
