chunk,phase,stage,timesteps,wall_s,steps_per_s,lr_trunk,lr_head,lr_critic,teacher_weight_mean,distill_coef_sched,distill_boost,distill_coef_eff,ent_coef,policy_loss,value_loss,entropy,approx_kl,clip_frac,distill_loss,gn_actor,gn_critic,epochs_run,explained_var,adv_abs_mean,ret_mean,val_mean,early_stopped,ep_return_mean,controller_step_frac,agree_mae,agree_mae_d0,agree_mae_d1,agree_mae_d2,agree_mae_d3,sat_frac,sat_frac_d0,sat_frac_d1,sat_frac_d2,sat_frac_d3,teacher_abs_mean,train_episodes,train_hit_rate,train_oob_rate,train_roll_rate,train_pitch_rate,train_timeout_rate,train_hover_rate,train_hit_time_s,train_final_dist,train_mean_speed,train_mean_tilt_rad,train_near_frac,train_near_speed,train_stall_frac,rew_progress,rew_step,rew_tumble,rew_tilt,rew_hit,rew_crash,rew_timeout,rew_hover,rew_total,baseline_train_hit_rate,best_train_hit_ma3,std_mean,std_d0,std_d1,std_d2,std_d3,eval_hit,eval_hover,eval_oob,eval_roll,eval_pitch,eval_timeout,eval_unfinished,eval_hit_b0,eval_crash_b0,eval_hit_b1,eval_crash_b1,eval_hit_b2,eval_crash_b2,success_rate,t_eval_s,pid_hit,pid_hover,pid_oob,pid_roll,pid_pitch,pid_timeout,pid_unfinished,pid_hit_b0,pid_crash_b0,pid_hit_b1,pid_crash_b1,pid_hit_b2,pid_crash_b2,pid_success_rate,total_param_norm,score,best_score,t_update_s
0,settle,settle,2097152,129.31925415992737,264984.91858948657,3e-05,3e-05,0.0003,0.14287373423576355,0.0,1.0,0.0,0.0,nan,nan,nan,nan,nan,nan,nan,nan,nan,nan,nan,nan,nan,False,2.8960070610046387,0.14180707931518555,0.18668168038129807,0.33431482315063477,0.12803706526756287,0.13357394933700562,0.150800883769989,0.0037512779235839844,0.00020503997802734375,0.00017642974853515625,0.00019693374633789062,0.014426708221435547,0.12132349610328674,2012.0,0.37673956262425445,0.0621272365805169,0.2654075546719682,0.029324055666003976,0.2664015904572565,0.0,31.951824978012315,11.522723036779324,9.16224479675293,0.38922178745269775,0.04544687271118164,2.251420052146177,0.0003619194030761719,0.01491858996450901,-0.0019985930994153023,-0.0008726228261366487,-0.0024926522746682167,0.0036144256591796875,-0.0017118453979492188,-0.000766754150390625,-5.316734586813254e-06,0.010685228742659092,nan,-1.0,0.13520002365112305,0.13520002365112305,0.13520002365112305,0.13520002365112305,0.13520002365112305,0.8485107421875,0.027587890625,0.028076171875,0.0806884765625,0.010986328125,0.004150390625,0.0,0.9057177615571776,0.07420924574209246,0.881089258698941,0.08683812405446294,0.786308973172988,0.1763798951588036,0.8485107421875,121.28949522972107,0.5797119140625,0.3636474609375,0.0391845703125,0.0,0.0,0.0174560546875,0.0,0.5523399014778325,0.0,0.5351982785121426,0.0009222256378727329,0.6368024132730015,0.09592760180995476,0.5797119140625,121.41254218295217,0.8485107421875,nan,
1,settle,settle,4194304,135.95800852775574,335158.4091486457,3e-05,3e-05,0.0003,0.3129273056983948,0.0,1.0,0.0,0.0,nan,nan,nan,nan,nan,nan,nan,nan,nan,nan,nan,nan,nan,False,9.071081161499023,0.06966924667358398,0.13471734151244164,0.2332097887992859,0.0958336591720581,0.0998418778181076,0.10998404026031494,0.002841353416442871,6.246566772460938e-05,0.0001316070556640625,0.00014495849609375,0.011026382446289062,0.08744795620441437,4713.0,0.8442605559091874,0.028007638446849142,0.09441969021854445,0.012518565669424995,0.0,0.02079354975599406,7.268589260283153,4.5679482780341605,6.584208965301514,0.34561610221862793,0.1911911964416504,1.0262906932663602,0.012186527252197266,0.014467316679656506,-0.001995599130168557,-0.0005957545945420861,-0.0018653852166607976,0.018973350524902344,-0.0015163421630859375,0.0,-0.0008379699429497123,0.026629624888300896,nan,-1.0,0.13520002365112305,0.13520002365112305,0.13520002365112305,0.13520002365112305,0.13520002365112305,,,,,,,,,,,,,,,,,,,,,,,,,,,,,,121.41254218295217,nan,nan,
2,critic_warmup,critic_warmup,6291456,143.77246522903442,329529.9064411701,3e-05,3e-05,9.999999999999999e-05,0.3165643513202667,0.0,1.0,0.0,0.0,nan,1.9231125116348267,nan,nan,nan,nan,0.0,0.33903905749320984,8,0.00020205974578857422,0.685896098613739,0.4427992105484009,0.007068747654557228,False,11.384117126464844,0.07288932800292969,0.13521540723741055,0.23631145060062408,0.09512311220169067,0.09840968996286392,0.1110173761844635,0.002837538719177246,5.3882598876953125e-05,8.344650268554688e-05,0.00012969970703125,0.011083126068115234,0.08569038659334183,4948.0,0.8540824575586096,0.024252223120452707,0.08670169765561843,0.014147130153597413,0.0,0.020816491511721907,7.305856601987696,4.289958537540421,6.53810453414917,0.33972349762916565,0.20183277130126953,1.022835090272495,0.01098489761352539,0.014751278795301914,-0.0019953795708715916,-0.0005955899250693619,-0.0018444402376189828,0.020151138305664062,-0.0014758110046386719,0.0,-0.0007930993451736867,0.02819809503853321,0.8540824575586096,-1.0,0.13520002365112305,0.13520002365112305,0.13520002365112305,0.13520002365112305,0.13520002365112305,,,,,,,,,,,,,,,,,,,,,,,,,,,,,,121.41254218295217,nan,nan,1.0846583843231201
3,critic_warmup,critic_warmup,8388608,151.88532066345215,311660.36516131746,3e-05,3e-05,0.00019999999999999998,0.3166556656360626,0.0,1.0,0.0,0.0,nan,1.58672034740448,nan,nan,nan,nan,0.0,0.1249760314822197,8,0.18573975563049316,0.6609883308410645,0.8036104440689087,0.44036221504211426,False,11.793478965759277,0.0719294548034668,0.13588054478168488,0.2360980063676834,0.09554161131381989,0.09892591834068298,0.11295664310455322,0.0030002593994140625,0.0001049041748046875,0.00012063980102539062,0.00017833709716796875,0.011597156524658203,0.08598064631223679,5007.0,0.8506091471939285,0.02756141402037148,0.08568004793289395,0.013580986618733772,0.0,0.0225684042340723,7.300786569617281,4.419822014804274,6.557699203491211,0.3403143882751465,0.2002425193786621,1.014927540071296,0.011408329010009766,0.014810016378760338,-0.0019953325390815735,-0.0006102843326516449,-0.0018790552858263254,0.020308494567871094,-0.0015139579772949219,0.0,-0.000877642713021487,0.028242241591215134,0.8523458023762691,-1.0,0.13520002365112305,0.13520002365112305,0.13520002365112305,0.13520002365112305,0.13520002365112305,,,,,,,,,,,,,,,,,,,,,,,,,,,,,,121.41254218295217,nan,nan,1.040370225906372
4,critic_warmup,critic_warmup,10485760,160.4283561706543,293418.59713862516,3e-05,3e-05,0.0003,0.31114229559898376,0.0,1.0,0.0,0.0,nan,1.2962363958358765,nan,nan,nan,nan,0.0,0.12311618775129318,8,0.4221014380455017,0.6269407868385315,1.0853995084762573,0.7951686978340149,False,11.78184700012207,0.07025289535522461,0.13571690395474434,0.2363722175359726,0.09526398032903671,0.10016753524541855,0.1110638827085495,0.0028110742568969727,4.6253204345703125e-05,0.00010538101196289062,0.0001926422119140625,0.010900020599365234,0.08713953197002411,4864.0,0.8472450657894737,0.026110197368421052,0.09416118421052631,0.012541118421052632,0.0,0.019942434210526317,7.233927849227533,4.411311500950863,6.645421981811523,0.34362170100212097,0.19466447830200195,1.0329391064346796,0.010472297668457031,0.01465105451643467,-0.001995454076677561,-0.0006145886145532131,-0.0018210745183750987,0.01965045928955078,-0.0015401840209960938,0.0,-0.0007694247178733349,0.027560781687498093,0.8506455568473372,-1.0,0.13520002365112305,0.13520002365112305,0.13520002365112305,0.13520002365112305,0.13520002365112305,,,,,,,,,,,,,,,,,,,,,,,,,,,,,,121.41254218295217,nan,nan,1.044708013534546
5,critic_warmup,critic_warmup,12582912,261.45701241493225,333072.0720130858,3e-05,3e-05,0.0003,0.3178415298461914,0.0,1.0,0.0,0.0,nan,1.1269265413284302,nan,nan,nan,nan,0.0,0.14224138855934143,8,0.6023445129394531,0.594466507434845,1.335208773612976,1.0871124267578125,False,12.05850601196289,0.06996965408325195,0.13383480720221996,0.23245565593242645,0.09484228491783142,0.09811272472143173,0.10992856323719025,0.0029315948486328125,8.058547973632812e-05,0.0001125335693359375,0.00015211105346679688,0.011381149291992188,0.08592032641172409,4926.0,0.8564758424685343,0.024563540397888755,0.08404384896467722,0.01319529029638652,0.0,0.021721477872513197,7.322169550446393,4.510270360713561,6.5194549560546875,0.34104910492897034,0.20142507553100586,1.0078087455819933,0.010919570922851562,0.014769591391086578,-0.0019954040180891752,-0.0006042649038136005,-0.0018173919524997473,0.020117759704589844,-0.001430511474609375,0.0,-0.000786256801802665,0.028253525495529175,0.8521031282526365,-1.0,0.13520002365112305,0.13520002365112305,0.13520002365112305,0.13520002365112305,0.13520002365112305,0.8365478515625,0.0316162109375,0.023193359375,0.0916748046875,0.011962890625,0.0050048828125,0.0,0.8581518540317834,0.11006474396703944,0.8757359776882554,0.09296560272699102,0.786589099816289,0.16901408450704225,0.8365478515625,93.34957480430603,0.5797119140625,0.3636474609375,0.0391845703125,0.0,0.0,0.0174560546875,0.0,0.5523399014778325,0.0,0.5351982785121426,0.0009222256378727329,0.6368024132730015,0.09592760180995476,0.5797119140625,121.41254218295217,0.8365478515625,nan,1.0401661396026611
6,head_only,head_only,14680064,269.19577741622925,322086.08447603235,3e-05,9.999999999999999e-06,0.0003,0.31445419788360596,0.25,1.0,0.25,0.0,-0.0034277625381946564,0.9614056348800659,-2.3282470703125,0.0016281066928058863,0.0037093162536621094,0.005387356039136648,0.30326035618782043,0.19424238801002502,5,0.7259271740913391,0.553598940372467,1.504863977432251,1.3108608722686768,False,9.142287254333496,0.06954431533813477,0.13440231792628765,0.23265765607357025,0.09601160138845444,0.09847143292427063,0.11046858131885529,0.0029458999633789062,0.0001239776611328125,0.00013685226440429688,0.00021839141845703125,0.011304378509521484,0.08651946485042572,4812.0,0.8445552784704904,0.03117206982543641,0.0885286783042394,0.014131338320864505,0.0,0.021612635078969242,7.21652312992126,4.30038104608271,6.540280342102051,0.3460296392440796,0.19261407852172852,1.0296685499862603,0.011563777923583984,0.014539053663611412,-0.0019955101888626814,-0.0006039189756847918,-0.0018210791749879718,0.019378662109375,-0.0015354156494140625,0.0,-0.0008445262792520225,0.027117276564240456,0.8521031282526365,0.8521031282526365,0.13519994914531708,0.13519985973834991,0.13520006835460663,0.13519980013370514,0.13520006835460663,,,,,,,,,,,,,,,,,,,,,,,,,,,,,,121.41206597164273,nan,nan,0.8770616054534912
7,head_only,head_only,16777216,277.21415638923645,306830.0684220328,3e-05,1.998532193533522e-05,0.0003,0.30906033515930176,0.24666666666666667,1.0,0.24666666666666667,0.0,-0.004589098505675793,0.9008713960647583,-2.328247308731079,0.0015275388723239303,0.00295257568359375,0.005306576378643513,0.2845410704612732,0.17944571375846863,5,0.7845689058303833,0.5391377210617065,1.6707834005355835,1.494293451309204,False,11.320698738098145,0.0732564926147461,0.13751874305307865,0.23915395140647888,0.0977664366364479,0.10075695067644119,0.11239763349294662,0.0029851198196411133,6.29425048828125e-05,0.00011873245239257812,0.00013303756713867188,0.01162576675415039,0.0882323831319809,5036.0,0.8544479745830024,0.027005559968228753,0.09054805401111994,0.009134233518665607,0.0,0.01886417791898332,7.273348051746843,4.429083256801032,6.661135196685791,0.34417036175727844,0.19234085083007812,1.0398245987534955,0.010526180267333984,0.01499946415424347,-0.0019952869042754173,-0.0006197773036547005,-0.0018831529887393117,0.02051830291748047,-0.0015211105346679688,0.0,-0.0007705684984102845,0.028727877885103226,0.8521031282526365,0.8521031282526365,0.1351998820900917,0.13519980013370514,0.13520009815692902,0.13519977033138275,0.13519985973834991,,,,,,,,,,,,,,,,,,,,,,,,,,,,,,121.4131319373846,nan,nan,0.8338959217071533
8,head_only,head_only,18874368,285.2083647251129,308022.28922531847,3e-05,2.9912003427205427e-05,0.0003,0.311174601316452,0.24333333333333335,1.0,0.24333333333333335,0.0,-0.004357871133834124,0.8032442331314087,-2.3282482624053955,0.0019588484428822994,0.004925727844238281,0.005387014709413052,0.28583183884620667,0.18989413976669312,5,0.8349717855453491,0.510787844657898,1.816838264465332,1.6799347400665283,False,11.87881851196289,0.0724191665649414,0.13681156933307648,0.23848125338554382,0.09553776681423187,0.10005190968513489,0.11317534744739532,0.0029000043869018555,7.62939453125e-05,0.00010538101196289062,0.000179290771484375,0.011239051818847656,0.08772694319486618,4997.0,0.8527116269761857,0.02501500900540324,0.08525115069041425,0.017810686411847108,0.0,0.01921152691614969,7.19283032152077,4.3904655293175905,6.612938404083252,0.3430196940898895,0.19318103790283203,1.0424433977982377,0.01090240478515625,0.014689601957798004,-0.00199532532133162,-0.0006082734907977283,-0.0019101257203146815,0.020318031311035156,-0.00152587890625,0.0,-0.0007666825549677014,0.02820134349167347,0.8521031282526365,0.8521031282526365,0.1351996473968029,0.13519957661628723,0.13519980013370514,0.13519977033138275,0.1351994425058365,,,,,,,,,,,,,,,,,,,,,,,,,,,,,,121.41201720386744,nan,nan,0.8352749347686768
9,head_only,head_only,20971520,292.8510627746582,324719.7982110033,3e-05,2.980227678394386e-05,0.0003,0.31550800800323486,0.24,1.0,0.24,0.0,-0.0033420189283788204,0.7210546731948853,-2.3282554149627686,0.0018814734648913145,0.004998588468879461,0.005252355709671974,0.28755784034729004,0.1804366260766983,5,0.8654779195785522,0.484977126121521,1.9570286273956299,1.8547800779342651,False,11.920902252197266,0.06843137741088867,0.13478239998221397,0.23421376943588257,0.09451247751712799,0.09779718518257141,0.11260616779327393,0.002957463264465332,8.20159912109375e-05,9.822845458984375e-05,0.00013685226440429688,0.01151275634765625,0.08677254617214203,4781.0,0.8542145994561807,0.02823677055009412,0.08261869901694206,0.013177159590043924,0.0,0.021752771386739176,7.3498081945804765,4.348552130176741,6.5468034744262695,0.3418732285499573,0.19736814498901367,1.0263280481794395,0.011232852935791016,0.014619982801377773,-0.0019955390598624945,-0.0005912196356803179,-0.0017699834425002337,0.019474029541015625,-0.0014138221740722656,0.0,-0.0008565901662223041,0.027466872707009315,0.8521031282526365,0.8537914003384562,0.13519950211048126,0.13519921898841858,0.1351998895406723,0.135199636220932,0.13519926369190216,,,,,,,,,,,,,,,,,,,,,,,,,,,,,,121.41074032336473,nan,nan,0.8313088417053223
10,head_only,head_only,23068672,422.4415616989136,337836.8691582704,3e-05,2.9649160878721505e-05,0.0003,0.32035431265830994,0.23666666666666666,1.0,0.23666666666666666,0.0,-0.003215232864022255,0.6989356279373169,-2.3282670974731445,0.0015522842295467854,0.003863430116325617,0.005429440177977085,0.2932169437408447,0.1577148139476776,5,0.8793906569480896,0.4687945246696472,2.029381036758423,1.9558017253875732,False,11.977132797241211,0.07074642181396484,0.13597984425723553,0.23405930399894714,0.09498917311429977,0.09855416417121887,0.11631673574447632,0.0030165910720825195,0.00010347366333007812,0.00012826919555664062,0.00019931793212890625,0.011635303497314453,0.08652117103338242,4818.0,0.8555417185554172,0.026982150269821502,0.07949356579493566,0.01473640514736405,0.0,0.023246160232461604,7.379439592430859,4.08722377347966,6.497714996337891,0.3372989594936371,0.20296144485473633,1.008946066050968,0.012070178985595703,0.014383403584361076,-0.0019955120515078306,-0.0006025329348631203,-0.0018799923127517104,0.019655227661132812,-0.001392364501953125,0.0,-0.000946688640397042,0.02722153812646866,0.8521031282526365,0.8541559816625944,0.1351991966366768,0.13519872725009918,0.13519974052906036,0.1351991891860962,0.13519912958145142,0.8052978515625,0.057373046875,0.03271484375,0.08154296875,0.0152587890625,0.0078125,0.0,0.8491722869405273,0.09809932556713673,0.8476598348118691,0.09605383909452432,0.741494532199271,0.17831105710814094,0.8052978515625,122.21577310562134,0.5736083984375,0.3675537109375,0.0435791015625,0.0,0.0,0.0152587890625,0.0,0.5320197044334976,0.0,0.541332510795805,0.00215916101172116,0.6253758268190018,0.10523150932050511,0.5736083984375,121.40920196473598,0.8052978515625,0.8052978515625,0.8270761966705322
11,head_only,head_only,25165824,430.6163742542267,300271.16364318604,3e-05,2.945315514379572e-05,0.0003,0.31888121366500854,0.23333333333333334,1.0,0.23333333333333334,0.0,-0.0022685695439577103,0.6558164358139038,-2.328274965286255,0.0019121731165796518,0.004956626798957586,0.005047336686402559,0.30909231305122375,0.14737531542778015,5,0.8925233483314514,0.44739192724227905,2.030808448791504,1.9785871505737305,False,8.80565357208252,0.06591510772705078,0.1325574778020382,0.22463983297348022,0.09290711581707001,0.09701326489448547,0.11566969752311707,0.002930879592895508,4.7206878662109375e-05,7.581710815429688e-05,0.00015354156494140625,0.011446952819824219,0.0854068472981453,4570.0,0.8354485776805252,0.038074398249452954,0.08161925601750547,0.011597374179431073,0.0,0.03326039387308534,7.456237995460101,5.077426234272429,6.543664455413818,0.3409275412559509,0.2003946304321289,0.9721118485549353,0.015623092651367188,0.013972440734505653,-0.001995787024497986,-0.0005869455053471029,-0.0016726177418604493,0.018205642700195312,-0.001430511474609375,0.0,-0.0012120960745960474,0.025280116125941277,0.8521031282526365,0.8541559816625944,0.13519907742738724,0.13519886136054993,0.13519996404647827,0.1351989358663559,0.13519854843616486,,,,,,,,,,,,,,,,,,,,,,,,,,,,,,121.40821281448007,nan,0.8052978515625,0.838024377822876
12,head_only,head_only,27262976,438.5566098690033,309842.2273788153,3e-05,2.9214898909133586e-05,0.0003,0.3315800726413727,0.22999999999999998,1.0,0.22999999999999998,0.0,-0.0010388055816292763,0.6590448617935181,-2.328275680541992,0.0014089512405917048,0.0022607804276049137,0.005236075259745121,0.3012581765651703,0.1521613895893097,5,0.8958070874214172,0.44757330417633057,2.1729931831359863,2.146815776824951,False,10.871160507202148,0.06929683685302734,0.13364950008690357,0.22320999205112457,0.09460870921611786,0.09696178138256073,0.11981751769781113,0.003268599510192871,5.14984130859375e-05,0.00012731552124023438,0.00021123886108398438,0.012684345245361328,0.08467623591423035,4765.0,0.8396642182581322,0.0323189926547744,0.08499475341028331,0.014060860440713537,0.0,0.028961175236096537,7.445867699741731,4.791818189270724,6.379927635192871,0.3298909068107605,0.21907377243041992,0.9512454672192342,0.01461029052734375,0.014122674241662025,-0.001995587255805731,-0.0005935491644777358,-0.0017521267291158438,0.01907825469970703,-0.0014925003051757812,0.0,-0.0011498453095555305,0.02621731348335743,0.8521031282526365,0.8541559816625944,0.13519906997680664,0.13519880175590515,0.13519999384880066,0.13519926369190216,0.1351982206106186,,,,,,,,,,,,,,,,,,,,,,,,,,,,,,121.40981271117926,nan,0.8052978515625,0.8317031860351562
13,head_only,head_only,29360128,446.1271550655365,328506.9424819035,3e-05,2.893516931705048e-05,0.0003,0.3351178467273712,0.22666666666666666,1.0,0.22666666666666666,0.0,-0.00024867363390512764,0.6380298137664795,-2.3282768726348877,0.001492396811954677,0.0029109001625329256,0.00510883005335927,0.29567238688468933,0.1506899744272232,5,0.8998676538467407,0.4345811605453491,2.1834537982940674,2.173985004425049,False,11.319221496582031,0.06794023513793945,0.13294985331594944,0.222551167011261,0.09342392534017563,0.09616811573505402,0.11965620517730713,0.003141164779663086,7.390975952148438e-05,0.000118255615234375,0.000164031982421875,0.01220846176147461,0.08422999829053879,4663.0,0.8314389877761098,0.03152476946171992,0.08878404460647651,0.009650439631138753,0.0,0.03860175852455501,7.5542300748001034,4.784366287797555,6.378891944885254,0.3275960087776184,0.22062110900878906,0.929605369091978,0.01679372787475586,0.013837895356118679,-0.0019957246258854866,-0.0005878529627807438,-0.001583516364917159,0.018486976623535156,-0.0014448165893554688,0.0,-0.001404309761710465,0.025308651849627495,0.8521031282526365,0.8541559816625944,0.13519888743758202,0.13519850373268127,0.13519993424415588,0.13519905507564545,0.13519805669784546,,,,,,,,,,,,,,,,,,,,,,,,,,,,,,121.40919637680054,nan,0.8052978515625,0.8400907516479492
14,full,full,31457280,453.86492586135864,330446.46625533357,9.538292929111112e-06,2.861487878733334e-05,0.0003,0.33700132369995117,0.22333333333333333,1.0,0.22333333333333333,0.0,-4.594535130308941e-05,0.6311084628105164,-2.3282783031463623,0.0017938094679266214,0.005063056945800781,0.0052751945331692696,0.5185118913650513,0.1954740434885025,5,0.9023451805114746,0.4266972541809082,2.2178919315338135,2.2240610122680664,False,11.167596817016602,0.06642913818359375,0.132799269631505,0.22039788961410522,0.09292424470186234,0.09625113010406494,0.12162381410598755,0.0031746625900268555,9.250640869140625e-05,0.0001201629638671875,0.00020599365234375,0.012279987335205078,0.08413966745138168,4578.0,0.8265618173875054,0.035386631716906945,0.07972913936216688,0.014635211882918305,0.0,0.043687199650502405,7.676422656800564,4.993199473023155,6.345520973205566,0.32671016454696655,0.2230691909790039,0.9076642360146213,0.017353534698486328,0.013606846332550049,-0.0019958249758929014,-0.0005884214187972248,-0.0015821944689378142,0.01804351806640625,-0.0014162063598632812,0.0,-0.0015093088150024414,0.024558400735259056,0.8521031282526365,0.8541559816625944,0.13519858568906784,0.1351984143257141,0.135199636220932,0.1351984143257141,0.13519787788391113,,,,,,,,,,,,,,,,,,,,,,,,,,,,,,121.40642695128918,nan,0.8052978515625,1.0472452640533447
15,full,full,33554432,526.4417977333069,296204.2421214411,1.8836714694077995e-05,2.8255072041116995e-05,0.0003,0.32162925601005554,0.22,1.0,0.22,0.0,-0.003003187943249941,0.6455718874931335,-2.3282971382141113,0.0019627835135906935,0.006885242648422718,0.005295839160680771,0.5218501687049866,0.14819636940956116,5,0.902161717414856,0.41220754384994507,2.171074628829956,2.1402575969696045,False,11.684874534606934,0.07222223281860352,0.1361860353499651,0.22980493307113647,0.09401227533817291,0.09759517014026642,0.12333176285028458,0.003114461898803711,2.1457672119140625e-05,9.202957153320312e-05,0.00017499923706054688,0.012169361114501953,0.08568862825632095,4912.0,0.8454804560260586,0.03420195439739414,0.07797231270358307,0.011400651465798045,0.0,0.030944625407166124,7.551685528533589,4.838561415283999,6.538621425628662,0.3295047879219055,0.2056431770324707,0.9638205337785353,0.01374197006225586,0.013951406814157963,-0.001995460130274296,-0.000591812189668417,-0.0016419078456237912,0.01980304718017578,-0.0014472007751464844,0.0,-0.0011668448569253087,0.02691122703254223,0.8521031282526365,0.8541559816625944,0.135198213160038,0.13519825041294098,0.13519912958145142,0.13519763946533203,0.13519783318042755,0.8275146484375,0.041259765625,0.0382080078125,0.077392578125,0.0108642578125,0.0047607421875,0.0,0.8695928753180662,0.09033078880407125,0.8746626686656672,0.08095952023988005,0.7595129375951294,0.18995433789954339,0.8275146484375,64.09020352363586,0.5736083984375,0.3675537109375,0.0435791015625,0.0,0.0,0.0152587890625,0.0,0.5320197044334976,0.0,0.541332510795805,0.00215916101172116,0.6253758268190018,0.10523150932050511,0.5736083984375,121.40476995706558,0.8275146484375,0.8275146484375,1.0416793823242188
16,full,full,35651584,534.3089823722839,325372.15793728956,2.7856922693220947e-05,2.7856922693220947e-05,0.0003,0.30832573771476746,0.21666666666666667,1.0,0.21666666666666667,0.0,-0.003219960257411003,0.5686663389205933,-2.32830548286438,0.0018648570403456688,0.007701587863266468,0.005027792416512966,0.5151558518409729,0.1682233214378357,5,0.91498202085495,0.3877067565917969,2.1241981983184814,2.096458911895752,False,8.736766815185547,0.06479787826538086,0.13292569667100906,0.22273927927017212,0.09369625151157379,0.09621387720108032,0.11905337870121002,0.003101944923400879,1.9073486328125e-06,0.00011396408081054688,0.0001926422119140625,0.012099266052246094,0.08583109825849533,4425.0,0.8302824858757062,0.04180790960451977,0.0856497175141243,0.015141242937853107,0.0,0.02711864406779661,7.580983487570314,5.771323269774011,6.641342639923096,0.34115636348724365,0.18474912643432617,1.0325450964906169,0.011303424835205078,0.013534639962017536,-0.001995895290747285,-0.0005906584556214511,-0.001701950910501182,0.017518997192382812,-0.0015044212341308594,0.0,-0.0009542704792693257,0.02430644817650318,0.8521031282526365,0.8541559816625944,0.13519792258739471,0.1351979672908783,0.13519863784313202,0.135197252035141,0.13519783318042755,,,,,,,,,,,,,,,,,,,,,,,,,,,,,,121.40326761081815,nan,0.8275146484375,1.04622483253479
17,full,full,37748736,542.3164875507355,317665.7227036534,2.742172942406179e-05,2.742172942406179e-05,0.0003,0.31658369302749634,0.21333333333333332,1.0,0.21333333333333332,0.0,-0.0042234743013978004,0.5917240381240845,-2.32830810546875,0.002144579542800784,0.009914016351103783,0.0050310711376369,0.5385693907737732,0.2359500378370285,5,0.9129513502120972,0.39634835720062256,2.2233424186706543,2.188457489013672,False,11.245532035827637,0.0689544677734375,0.13358904793858528,0.22626569867134094,0.09289485216140747,0.09567758440971375,0.11951805651187897,0.0031435489654541016,4.2438507080078125e-05,0.0001010894775390625,0.00016880035400390625,0.01226186752319336,0.08563254028558731,4877.0,0.8560590526963298,0.03670289112159114,0.07361082632766044,0.012302645068689768,0.0,0.02132458478572893,7.484730538922156,4.905672112082223,6.573704719543457,0.32990121841430664,0.19893836975097656,1.0444820609342191,0.010256290435791016,0.014249933883547783,-0.001995447790250182,-0.0005830142181366682,-0.0015939056174829602,0.01990795135498047,-0.0014257431030273438,0.0,-0.0007982972310855985,0.027761461213231087,0.8521031282526365,0.8541559816625944,0.13519763946533203,0.1351974755525589,0.13519825041294098,0.1351969987154007,0.13519783318042755,,,,,,,,,,,,,,,,,,,,,,,,,,,,,,121.40243327617645,nan,0.8275146484375,1.051971197128296
18,full,full,39845888,550.0482358932495,331109.074638145,2.6950911743627616e-05,2.6950911743627616e-05,0.0003,0.3051888942718506,0.21,1.0,0.21,0.0,-0.003333836328238249,0.5666214823722839,-2.3283190727233887,0.0020838321652263403,0.008653449825942516,0.005147697404026985,0.537740170955658,0.2121368944644928,5,0.9189302325248718,0.38527804613113403,2.1551170349121094,2.1222400665283203,False,11.57838249206543,0.06706523895263672,0.13499012775719166,0.22757205367088318,0.09391091018915176,0.09705036133527756,0.12142718583345413,0.0032945871353149414,7.486343383789062e-05,0.000110626220703125,0.00016117095947265625,0.012831687927246094,0.08596839755773544,4703.0,0.8441420369976611,0.03742292153944291,0.07824792685519881,0.011907293217095471,0.0,0.028279821390601742,7.579928631402183,5.122042280193494,6.682926177978516,0.3378373384475708,0.18424367904663086,1.0618713394860593,0.010724544525146484,0.013731482438743114,-0.001995641505345702,-0.0005914788343943655,-0.0015311239985749125,0.018930435180664062,-0.001430511474609375,0.0,-0.0009354116627946496,0.02617776393890381,0.8521031282526365,0.8541559816625944,0.13519736006855965,0.13519716262817383,0.13519783318042755,0.13519661128520966,0.13519783318042755,,,,,,,,,,,,,,,,,,,,,,,,,,,,,,121.39869298040867,nan,0.8275146484375,1.0400071144104004
19,full,full,41943040,558.9199120998383,280143.1448241299,2.6446005361331466e-05,2.6446005361331466e-05,0.0003,0.3074016571044922,0.20666666666666667,1.0,0.20666666666666667,0.0,-0.0034255869686603546,0.5313000082969666,-2.3283283710479736,0.001913098618388176,0.0074310302734375,0.005034786649048328,0.5388691425323486,0.19093827903270721,5,0.9238392114639282,0.37517035007476807,2.2447071075439453,2.215061664581299,False,12.075605392456055,0.06788873672485352,0.13311722688376904,0.22644151747226715,0.09200487285852432,0.09464606642723083,0.11937645077705383,0.0030678510665893555,1.33514404296875e-05,0.00010347366333007812,0.0001735687255859375,0.011981010437011719,0.08421168476343155,4650.0,0.8559139784946237,0.044731182795698925,0.07182795698924731,0.008387096774193548,0.0,0.019139784946236558,7.540858458961473,4.928268229166667,6.642856597900391,0.3340412676334381,0.18588638305664062,1.0661382659709824,0.009624004364013672,0.013890574686229229,-0.0019956498872488737,-0.0005711499834433198,-0.0013746869517490268,0.018978118896484375,-0.0013852119445800781,0.0,-0.0007344720070250332,0.026807520538568497,0.8521031282526365,0.8541559816625944,0.13519711419939995,0.13519693911075592,0.1351974755525589,0.13519646227359772,0.13519757986068726,,,,,,,,,,,,,,,,,,,,,,,,,,,,,,121.39740397781134,nan,0.8275146484375,1.0391178131103516
20,full,full,44040192,687.3356475830078,318732.9860840606,2.5908657176846463e-05,2.5908657176846463e-05,0.0003,0.3058772385120392,0.20333333333333334,1.0,0.20333333333333334,0.0,-0.0015748327132314444,0.5482016205787659,-2.328336238861084,0.00209802039898932,0.007732963655143976,0.005038380157202482,0.530276894569397,0.2095867395401001,5,0.9225450158119202,0.37719663977622986,2.2590205669403076,2.240633487701416,False,11.999017715454102,0.06761980056762695,0.1334463432431221,0.22712592780590057,0.09154140949249268,0.09419962763786316,0.120918408036232,0.0031360387802124023,9.298324584960938e-05,7.343292236328125e-05,0.00012874603271484375,0.012248992919921875,0.0846758559346199,4733.0,0.8531586731459962,0.039721107120219735,0.07099091485315867,0.010775406718783014,0.0,0.025353898161842383,7.56124318969787,5.158822116654342,6.65587854385376,0.33234021067619324,0.18445587158203125,1.075581987141705,0.011112689971923828,0.013909515924751759,-0.0019956014584749937,-0.0005772342556156218,-0.0014176734257489443,0.019254684448242188,-0.0013709068298339844,0.0,-0.0009072780376300216,0.026895510032773018,0.8521031282526365,0.8541559816625944,0.13519681245088577,0.1351964920759201,0.13519705832004547,0.13519608974456787,0.13519760966300964,0.840087890625,0.038330078125,0.041259765625,0.0648193359375,0.009765625,0.0057373046875,0.0,0.8768472906403941,0.08251231527093596,0.8843000303674461,0.07865168539325842,0.7774045801526718,0.16977099236641222,0.840087890625,120.42947554588318,0.5670166015625,0.3759765625,0.038330078125,0.0,0.0,0.0186767578125,0.0,0.5080246913580246,0.0,0.5377274082910826,0.0014912019087384432,0.6272134203168686,0.09599254426840634,0.5670166015625,121.3969633616507,0.840087890625,0.840087890625,1.0405592918395996
21,full,full,46137344,695.0894470214844,329968.58550002973,2.5340619908261352e-05,2.5340619908261352e-05,0.0003,0.2974933087825775,0.2,1.0,0.2,0.0,-0.001323070377111435,0.49345874786376953,-2.3283398151397705,0.0021250108256936073,0.009004592895507812,0.004974048584699631,0.5364705920219421,0.19845998287200928,5,0.93050217628479,0.3564527630805969,2.22869873046875,2.2177915573120117,False,9.178190231323242,0.06303977966308594,0.13161058723926544,0.2240269035100937,0.09068483114242554,0.09388457238674164,0.1178460419178009,0.003004908561706543,6.67572021484375e-05,0.00011587142944335938,0.00016355514526367188,0.011673450469970703,0.08562661707401276,4391.0,0.8476429059439763,0.04577544978364837,0.07037121384650422,0.009565019357777272,0.0,0.02664541106809383,7.666720401217983,5.229342956473468,6.7484612464904785,0.340000718832016,0.1720280647277832,1.0922534571983735,0.010226726531982422,0.01326748263090849,-0.0019959232304245234,-0.0005700653418898582,-0.0013592984760180116,0.017747879028320312,-0.001316070556640625,0.0,-0.0008584975148551166,0.024915508925914764,0.8521031282526365,0.8541559816625944,0.13519654422998428,0.13519595563411713,0.13519680500030518,0.1351958066225052,0.13519760966300964,,,,,,,,,,,,,,,,,,,,,,,,,,,,,,121.39603967964649,nan,0.840087890625,1.043766736984253
22,full,full,48234496,702.9258229732513,325787.2682084953,2.4743746375078414e-05,2.4743746375078414e-05,0.0003,0.31008297204971313,0.19666666666666666,1.0,0.19666666666666666,0.0,-3.3213415008503944e-05,0.4896152913570404,-2.3283486366271973,0.0020020832307636738,0.008185768499970436,0.0052243066020309925,0.5079885721206665,0.21479317545890808,5,0.9318552017211914,0.36648404598236084,2.3436427116394043,2.34912109375,False,11.319812774658203,0.06659746170043945,0.13326101750135422,0.2255995273590088,0.09123410284519196,0.09353770315647125,0.12267273664474487,0.0031948089599609375,1.52587890625e-05,9.489059448242188e-05,0.00012874603271484375,0.012540340423583984,0.08300472795963287,4530.0,0.8567328918322296,0.0423841059602649,0.0684326710816777,0.011037527593818985,0.0,0.02141280353200883,7.57351198144808,5.496276127897351,6.606964111328125,0.33066239953041077,0.1894993782043457,1.082407938043678,0.009121894836425781,0.013742795214056969,-0.001995772123336792,-0.0005702892085537314,-0.0014605566393584013,0.01850605010986328,-0.001316070556640625,0.0,-0.0007415058207698166,0.02616463415324688,0.8521031282526365,0.8541559816625944,0.13519637286663055,0.13519588112831116,0.1351964920759201,0.13519564270973206,0.1351974755525589,,,,,,,,,,,,,,,,,,,,,,,,,,,,,,121.39586472511292,nan,0.840087890625,1.0436532497406006
23,full,full,50331648,711.5753936767578,289141.7577821076,2.4119983454701387e-05,2.4119983454701387e-05,0.0003,0.31158947944641113,0.19333333333333333,1.0,0.19333333333333333,0.0,-2.4342765755136497e-05,0.4881220757961273,-2.3283586502075195,0.0021762344986200333,0.008828354068100452,0.005095954984426498,0.5258322358131409,0.20619109272956848,5,0.9300970435142517,0.3614547848701477,2.346733331680298,2.350182294845581,False,12.047584533691406,0.06549596786499023,0.13130204007029533,0.2222917675971985,0.09032124280929565,0.09216625988483429,0.1204288899898529,0.0030672550201416016,3.814697265625e-05,9.72747802734375e-05,0.0001468658447265625,0.011986732482910156,0.08301737904548645,4485.0,0.8648829431438128,0.041025641025641026,0.06243032329988852,0.008026755852842809,0.0,0.02363433667781494,7.802633840336856,5.074058493589743,6.559511184692383,0.32993170619010925,0.18938064575195312,1.0402129337043005,0.011416912078857422,0.013574546203017235,-0.0019958247430622578,-0.0005576498806476593,-0.0013273688964545727,0.01849651336669922,-0.0011920928955078125,0.0,-0.0008756633033044636,0.026122452691197395,0.8521031282526365,0.8564195803066728,0.13519609346985817,0.13519525527954102,0.13519608974456787,0.13519564270973206,0.13519738614559174,,,,,,,,,,,,,,,,,,,,,,,,,,,,,,121.39527416601777,nan,0.840087890625,1.0395183563232422
24,full,full,52428800,719.311815738678,331423.7991499574,2.3471365732125987e-05,2.3471365732125987e-05,0.0003,0.3125908672809601,0.19,1.0,0.19,0.0,-0.0005308118998073041,0.5099877119064331,-2.32836651802063,0.0021004960872232914,0.008606338873505592,0.005155838094651699,0.5350772142410278,0.21707424521446228,5,0.9261287450790405,0.3616357445716858,2.3724591732025146,2.3720624446868896,False,12.22173023223877,0.06596851348876953,0.13017072156071663,0.2230890691280365,0.08884820342063904,0.09062418341636658,0.1181214302778244,0.0030575990676879883,1.049041748046875e-05,7.05718994140625e-05,0.00011682510375976562,0.012032508850097656,0.08222869038581848,4533.0,0.8678579307302008,0.03684094418707258,0.05846018089565409,0.011471431722920804,0.0,0.025369512464151776,7.811159125571937,5.026348444738583,6.578555583953857,0.3250555694103241,0.18928766250610352,1.0612078520776391,0.010437488555908203,0.013783687725663185,-0.0019957865588366985,-0.0005399329238571227,-0.0012415056116878986,0.018758773803710938,-0.0011539459228515625,0.0,-0.0008824824471957982,0.026728803291916847,0.8521031282526365,0.8631579219020811,0.13519571721553802,0.13519467413425446,0.1351958066225052,0.13519532978534698,0.13519705832004547,,,,,,,,,,,,,,,,,,,,,,,,,,,,,,121.39292375743389,nan,0.840087890625,1.0366888046264648
25,full,full,54525952,825.0664432048798,321512.8423652656,2.2800008863546594e-05,2.2800008863546594e-05,0.0003,0.31053364276885986,0.18666666666666665,1.0,0.18666666666666665,0.0,0.00047781463945284486,0.49506109952926636,-2.328373670578003,0.002062189858406782,0.007680320646613836,0.005009738262742758,0.536602795124054,0.21566160023212433,5,0.9288249611854553,0.35846954584121704,2.361131429672241,2.3703484535217285,False,12.087174415588379,0.06517839431762695,0.13104710169136524,0.22569316625595093,0.08945135772228241,0.09084086865186691,0.11820301413536072,0.0029925107955932617,3.814697265625e-06,0.00011682510375976562,0.000179290771484375,0.011670112609863281,0.08320395648479462,4571.0,0.8582367096915335,0.0391599212426165,0.063880988842704,0.011813607525705535,0.0,0.026908772697440384,7.67891919449401,5.029886957175672,6.600674152374268,0.32636508345603943,0.18912839889526367,1.07459830421727,0.011142730712890625,0.013621333986520767,-0.001995757455006242,-0.000545139133464545,-0.001236903597600758,0.018706321716308594,-0.0012516975402832031,0.0,-0.0009285691194236279,0.02636958844959736,0.8521031282526365,0.863659194521849,0.13519546762108803,0.13519449532032013,0.13519525527954102,0.13519535958766937,0.1351967602968216,0.8392333984375,0.0460205078125,0.0430908203125,0.0584716796875,0.008544921875,0.004638671875,0.0,0.8719951923076923,0.07932692307692307,0.8834164588528678,0.06764339152119701,0.7801204819277109,0.16656626506024097,0.8392333984375,97.80513668060303,0.5670166015625,0.3759765625,0.038330078125,0.0,0.0,0.0186767578125,0.0,0.5080246913580246,0.0,0.5377274082910826,0.0014912019087384432,0.6272134203168686,0.09599254426840634,0.5670166015625,121.39217296615243,0.8392333984375,0.840087890625,1.0756168365478516
26,full,full,56623104,833.5985400676727,293997.1871427392,2.210810267552547e-05,2.210810267552547e-05,0.0003,0.30457934737205505,0.18333333333333335,1.0,0.18333333333333335,0.0,-0.0005059392424300313,0.475432813167572,-2.3283886909484863,0.002048658672720194,0.008381080813705921,0.004972209222614765,0.5167895555496216,0.178360715508461,5,0.9302088022232056,0.3468524217605591,2.3062992095947266,2.3092527389526367,False,9.395306587219238,0.06171751022338867,0.12898019701242447,0.22137074172496796,0.089065782725811,0.0903448611497879,0.11513940244913101,0.0030211210250854492,4.1484832763671875e-05,8.344650268554688e-05,0.00013971328735351562,0.011819839477539062,0.08496633917093277,4283.0,0.858276908708849,0.04155965444781695,0.06210600046696241,0.01027317300957273,0.0,0.027784263366798973,7.786271309394269,5.357818154622928,6.631174087524414,0.330213725566864,0.17728042602539062,1.0651740997460892,0.012661457061767578,0.013131179846823215,-0.0019960282370448112,-0.0005278987810015678,-0.0011398040223866701,0.017528533935546875,-0.001163482666015625,0.0,-0.0009904145263135433,0.02484208159148693,0.8521031282526365,0.863659194521849,0.13519517704844475,0.13519394397735596,0.1351950764656067,0.13519494235515594,0.1351967453956604,,,,,,,,,,,,,,,,,,,,,,,,,,,,,,121.39067286625504,nan,0.840087890625,1.0452749729156494
27,full,full,58720256,841.5473725795746,319713.8475816335,2.139790402223365e-05,2.139790402223365e-05,0.0003,0.3163173496723175,0.18,1.0,0.18,0.0,0.0011462114052847028,0.4764363169670105,-2.328397035598755,0.0019818637520074844,0.007478523068130016,0.00526092667132616,0.5268800258636475,0.2300005406141281,5,0.9301711916923523,0.35240715742111206,2.4096312522888184,2.4276232719421387,False,11.368349075317383,0.06529998779296875,0.1302195731550455,0.2235567420721054,0.08878982067108154,0.08988189697265625,0.11864983290433884,0.0030829906463623047,2.3365020751953125e-05,8.916854858398438e-05,0.00015306472778320312,0.012066364288330078,0.08291710913181305,4460.0,0.8630044843049327,0.04035874439461883,0.05515695067264574,0.009641255605381167,0.0,0.03183856502242152,7.873361046159175,5.051014223654708,6.483600616455078,0.32054904103279114,0.19135379791259766,1.0460612344193094,0.011688232421875,0.013520842418074608,-0.0019958827178925276,-0.0005254794377833605,-0.0010019387118518353,0.01835346221923828,-0.0011181831359863281,0.0,-0.0009793519275262952,0.026253467425704002,0.8521031282526365,0.863659194521849,0.13519463315606117,0.13519328832626343,0.13519461452960968,0.1351945400238037,0.13519608974456787,,,,,,,,,,,,,,,,,,,,,,,,,,,,,,121.38700589165092,nan,0.840087890625,1.0412046909332275
28,full,full,60817408,849.3229007720947,328535.6169856048,2.067172942406179e-05,2.067172942406179e-05,0.0003,0.3066789507865906,0.17666666666666667,1.0,0.17666666666666667,0.0,0.0012024336028844118,0.47770023345947266,-2.3284072875976562,0.0020523066632449627,0.007274913601577282,0.005236483179032803,0.5211567878723145,0.22736327350139618,5,0.9308640956878662,0.34741607308387756,2.348879098892212,2.3598380088806152,False,12.099821090698242,0.0658864974975586,0.13180704973638058,0.22862721979618073,0.08894941210746765,0.0906408280134201,0.11901073902845383,0.003004908561706543,0.0,6.198883056640625e-05,0.00011920928955078125,0.011838436126708984,0.08445687592029572,4474.0,0.8629861421546714,0.047608404112650875,0.05364327223960662,0.008270004470272686,0.0,0.02749217702279839,7.811460761460761,5.232238960521904,6.6487836837768555,0.3233569860458374,0.18321990966796875,1.0643218593847594,0.010589599609375,0.0133981266990304,-0.0019958512857556343,-0.0005316243623383343,-0.0011244623456150293,0.018410682678222656,-0.0011682510375976562,0.0,-0.0009201527573168278,0.026068462058901787,0.8521031282526365,0.863659194521849,0.1351943388581276,0.13519293069839478,0.13519445061683655,0.1351940631866455,0.13519591093063354,,,,,,,,,,,,,,,,,,,,,,,,,,,,,,121.38567160069942,nan,0.840087890625,1.037160873413086
29,full,full,62914560,856.906108379364,338682.6486354075,1.9931947511612078e-05,1.9931947511612078e-05,0.0003,0.3106522560119629,0.17333333333333334,1.0,0.17333333333333334,0.0,0.0015380163677036762,0.4605931341648102,-2.3284196853637695,0.0020888636354357004,0.007931423373520374,0.005335852038115263,0.5148955583572388,0.25523191690444946,5,0.9328959584236145,0.3428839445114136,2.3608944416046143,2.3777151107788086,False,12.369913101196289,0.06325674057006836,0.13062645122408867,0.22633937001228333,0.08812649548053741,0.08939947187900543,0.1186404675245285,0.0030608177185058594,2.0503997802734375e-05,6.771087646484375e-05,0.00011920928955078125,0.012035846710205078,0.08376433700323105,4391.0,0.8674561603279435,0.03962650876793441,0.05442951491687543,0.010248235026189934,0.0,0.028239580961056707,7.8339415419620195,4.9573354944773405,6.549335479736328,0.32298171520233154,0.1847691535949707,1.044038911427163,0.01043701171875,0.01324835792183876,-0.001995930913835764,-0.0005252187256701291,-0.0011351079447194934,0.01816272735595703,-0.0010919570922851562,0.0,-0.0009084704797714949,0.025754401460289955,0.8521031282526365,0.8644822622625159,0.1351941041648388,0.13519270718097687,0.13519419729709625,0.13519386947155,0.13519564270973206,,,,,,,,,,,,,,,,,,,,,,,,,,,,,,121.38451711833477,nan,0.840087890625,1.0376496315002441
30,full,full,65011712,1007.3810365200043,281979.0650456568,1.9180971299717562e-05,1.9180971299717562e-05,0.0003,0.31139612197875977,0.16999999999999998,1.0,0.16999999999999998,0.0,0.002591613680124283,0.4695769250392914,-2.3284270763397217,0.0017383701633661985,0.006224918179214001,0.0053189704194664955,0.5238920450210571,0.24585911631584167,5,0.9307410717010498,0.3442000448703766,2.3491387367248535,2.371642827987671,False,12.227883338928223,0.06351327896118164,0.13101560063660145,0.22712358832359314,0.0882411077618599,0.08917638659477234,0.11952131986618042,0.002918243408203125,1.621246337890625e-05,8.153915405273438e-05,0.00010967254638671875,0.01146554946899414,0.08340300619602203,4328.0,0.8606746765249538,0.04736598890942699,0.05314232902033272,0.007162661737523105,0.0,0.0316543438077634,7.852447427293065,5.0838765198994915,6.568997383117676,0.3210095465183258,0.18558263778686523,1.0484062455838332,0.011595726013183594,0.01335236057639122,-0.0019960033241659403,-0.0005177976563572884,-0.0011456721695140004,0.017762184143066406,-0.0011110305786132812,0.0,-0.0010271070059388876,0.025316938757896423,0.8521031282526365,0.8644822622625159,0.13519391417503357,0.13519252836704254,0.1351940929889679,0.13519364595413208,0.13519538938999176,0.8199462890625,0.0706787109375,0.04248046875,0.051513671875,0.007080078125,0.00830078125,0.0,0.8563501849568435,0.07398273736128237,0.8617984308992155,0.06487628243814123,0.7592137592137592,0.15141277641277642,0.8199462890625,141.62561011314392,0.56884765625,0.3681640625,0.0479736328125,0.0,0.0,0.0150146484375,0.0,0.5430759412890874,0.0,0.5429892141756548,0.002773497688751926,0.605621301775148,0.1136094674556213,0.56884765625,121.38379849120975,0.8199462890625,0.840087890625,1.0544886589050293
31,full,full,67108864,1015.5240993499756,310888.24817413406,1.8421250316689352e-05,1.8421250316689352e-05,0.0003,0.3113440275192261,0.16666666666666666,1.0,0.16666666666666666,0.0,0.003188116941601038,0.462947279214859,-2.3284294605255127,0.0018514360999688506,0.006490135099738836,0.005142828915268183,0.5257662534713745,0.2691745162010193,5,0.9295857548713684,0.34237754344940186,2.2962474822998047,2.3311429023742676,False,8.757767677307129,0.06205177307128906,0.13011082261800766,0.2258966565132141,0.08830419927835464,0.08920720219612122,0.11703523248434067,0.0030622482299804688,0.0,0.00012874603271484375,0.00014734268188476562,0.011972904205322266,0.08537151664495468,4155.0,0.8401925391095066,0.04909747292418772,0.06233453670276775,0.009386281588447653,0.0,0.03898916967509025,8.113100353289411,5.588455644554753,6.564626216888428,0.323142945766449,0.1855907440185547,0.9780242676227866,0.015872478485107422,0.012496310286223888,-0.0019961921498179436,-0.0005206958740018308,-0.001089314348064363,0.016646385192871094,-0.0011968612670898438,0.0,-0.001300883130170405,0.023038754239678383,0.8521031282526365,0.8644822622625159,0.13519372791051865,0.13519223034381866,0.13519386947155,0.135193333029747,0.13519547879695892,,,,,,,,,,,,,,,,,,,,,,,,,,,,,,121.38185688480735,nan,0.840087890625,1.0463371276855469
32,full,full,69206016,1023.9784719944,297035.16125681286,1.765526261446434e-05,1.765526261446434e-05,0.0003,0.31827014684677124,0.16333333333333333,1.0,0.16333333333333333,0.0,0.0011362398508936167,0.46968045830726624,-2.328430414199829,0.0019573653116822243,0.006794738583266735,0.005336256232112646,0.5188437700271606,0.2721524238586426,5,0.9292307496070862,0.3449711203575134,2.4268128871917725,2.440478801727295,False,11.573891639709473,0.06492185592651367,0.1304490678012371,0.22791802883148193,0.08751952648162842,0.08832278847694397,0.1180359274148941,0.003262042999267578,0.0,9.72747802734375e-05,0.00018405914306640625,0.012766838073730469,0.08377338200807571,4509.0,0.8713683743623863,0.04102905300510091,0.05078731426036815,0.00665335994677312,0.0,0.03016189842537148,7.859128701111394,4.697264325515635,6.482944965362549,0.31485119462013245,0.19164705276489258,1.0414983311064832,0.01169443130493164,0.013785246759653091,-0.0019958289340138435,-0.0005196306155994534,-0.0009565167711116374,0.01873493194580078,-0.0010585784912109375,0.0,-0.0010040043853223324,0.026985613629221916,0.8521031282526365,0.8644822622625159,0.1351936161518097,0.13519203662872314,0.1351938396692276,0.13519300520420074,0.13519558310508728,,,,,,,,,,,,,,,,,,,,,,,,,,,,,,121.38273042067885,nan,0.840087890625,1.0439488887786865
33,full,full,71303168,1031.8473093509674,325162.6312464454,1.6885506685714898e-05,1.6885506685714898e-05,0.0003,0.31225496530532837,0.15999999999999998,1.0,0.15999999999999998,0.0,-0.00027481705183163285,0.44564419984817505,-2.328434467315674,0.0019803920295089483,0.007019519805908203,0.005403926596045494,0.5103489756584167,0.320159912109375,5,0.9325693845748901,0.33424174785614014,2.371847152709961,2.3769969940185547,False,12.372882843017578,0.06394815444946289,0.13010391034185886,0.22767098248004913,0.08739709109067917,0.08801256120204926,0.1173350065946579,0.003130197525024414,0.0,0.00010156631469726562,0.00015020370483398438,0.012269020080566406,0.08401192724704742,4405.0,0.8753688989784336,0.043132803632236094,0.048354143019296254,0.007945516458569807,0.0,0.025198637911464244,7.9528267634854775,4.681004806328036,6.537421226501465,0.31868311762809753,0.18544673919677734,1.042256402509578,0.010051727294921875,0.01332661509513855,-0.0019959043711423874,-0.0005147974588908255,-0.0009561356855556369,0.0183868408203125,-0.0010442733764648438,0.0,-0.0008422379032708704,0.026360100135207176,0.8521031282526365,0.8644822622625159,0.13519343733787537,0.13519203662872314,0.13519339263439178,0.1351928412914276,0.13519547879695892,,,,,,,,,,,,,,,,,,,,,,,,,,,,,,121.38216045126319,nan,0.840087890625,1.0442254543304443
34,full,full,73400320,1039.5332779884338,333082.5529791242,1.61144933142851e-05,1.61144933142851e-05,0.0003,0.3073112368583679,0.15666666666666668,1.0,0.15666666666666668,0.0,-9.007156040752307e-05,0.4236063063144684,-2.328439950942993,0.0020168242044746876,0.006432247348129749,0.005344859324395657,0.5153870582580566,0.22183533012866974,5,0.9362272024154663,0.3275500535964966,2.3559985160827637,2.356572151184082,False,12.659357070922852,0.06395483016967773,0.13152456656098366,0.23336857557296753,0.08773984760046005,0.08880995213985443,0.11617989093065262,0.0030307769775390625,0.0,0.00010061264038085938,0.0001659393310546875,0.011856555938720703,0.08525359630584717,4405.0,0.8796821793416572,0.041316685584562994,0.04880817253121453,0.007945516458569807,0.0,0.02224744608399546,7.969010752688171,4.600974567253122,6.599820613861084,0.3219573199748993,0.17959117889404297,1.082412530202055,0.009005546569824219,0.013524324633181095,-0.001995892496779561,-0.0005142535082995892,-0.0010341510642319918,0.018477439880371094,-0.00102996826171875,0.0,-0.0007447244133800268,0.026682769879698753,0.8521031282526365,0.875473150894159,0.13519326597452164,0.13519197702407837,0.13519339263439178,0.13519252836704254,0.13519516587257385,,,,,,,,,,,,,,,,,,,,,,,,,,,,,,121.38237590715289,nan,0.840087890625,1.0422000885009766
35,full,full,75497472,1119.9183900356293,296403.82735003356,1.534473738553567e-05,1.534473738553567e-05,0.0003,0.31061649322509766,0.15333333333333332,1.0,0.15333333333333332,0.0,0.0014382299268618226,0.4295632243156433,-2.3284504413604736,0.0016423289198428392,0.005209541413933039,0.005345136858522892,0.5234516263008118,0.25149255990982056,5,0.9362989664077759,0.3323219120502472,2.3663532733917236,2.372190237045288,False,12.4566011428833,0.06480789184570312,0.13058333098888397,0.2323276400566101,0.08785320818424225,0.0879993811249733,0.11415309458971024,0.00316774845123291,0.0,0.00011301040649414062,0.00013399124145507812,0.012423992156982422,0.08519178628921509,4417.0,0.8686891555354312,0.04165723341634594,0.0568258999320806,0.00905592030790129,0.0,0.02377179080824089,7.949009642950221,5.059849993632556,6.524534702301025,0.32063689827919006,0.18218469619750977,1.0638253496096255,0.009691238403320312,0.013518361374735832,-0.0019958880729973316,-0.0005179829895496368,-0.00114182208199054,0.018296241760253906,-0.0011324882507324219,0.0,-0.0007980347145348787,0.026228386908769608,0.8521031282526365,0.875473150894159,0.13519316911697388,0.13519184291362762,0.13519328832626343,0.13519245386123657,0.13519509136676788,0.849853515625,0.0550537109375,0.0386962890625,0.044189453125,0.0057373046875,0.0064697265625,0.0,0.8906056860321384,0.051297898640296664,0.8814792361321613,0.05274325553197939,0.7978625954198473,0.143206106870229,0.849853515625,71.89376330375671,0.56884765625,0.3681640625,0.0479736328125,0.0,0.0,0.0150146484375,0.0,0.5430759412890874,0.0,0.5429892141756548,0.002773497688751926,0.605621301775148,0.1136094674556213,0.56884765625,121.38132805749774,0.849853515625,0.849853515625,1.039029836654663
36,full,full,77594624,1127.530728340149,337237.1955583923,1.4578749683310654e-05,1.4578749683310654e-05,0.0003,0.3047608733177185,0.15,1.0,0.15,0.0,0.00016730648349039257,0.4155632555484772,-2.328450918197632,0.0015827480237931013,0.005047512240707874,0.005179102066904306,0.4965425133705139,0.25584232807159424,5,0.9353004097938538,0.3209717571735382,2.325441837310791,2.322870969772339,False,9.713424682617188,0.06049346923828125,0.12915457971394062,0.23497146368026733,0.08560679107904434,0.0877150371670723,0.10832502692937851,0.0026704072952270508,0.0,0.00010728836059570312,0.0001087188720703125,0.010465621948242188,0.08661987632513046,4163.0,0.8750900792697573,0.04203699255344703,0.049723756906077346,0.008887821282728801,0.0,0.02426134998798943,7.898000731997438,4.549437098396589,6.602386951446533,0.32672497630119324,0.17040491104125977,1.0629617128146294,0.01007080078125,0.01321098580956459,-0.001996126724407077,-0.0005022179102525115,-0.000988071784377098,0.017371177673339844,-0.0009989738464355469,0.0,-0.00082054128870368,0.02527623437345028,0.8521031282526365,0.875473150894159,0.1351931169629097,0.13519184291362762,0.135193333029747,0.13519242405891418,0.13519486784934998,,,,,,,,,,,,,,,,,,,,,,,,,,,,,,121.38127712532878,nan,0.849853515625,1.040693998336792
37,full,full,79691776,1135.2689554691315,331031.0194615655,1.3819028700282442e-05,1.3819028700282442e-05,0.0003,0.31298166513442993,0.14666666666666667,1.0,0.14666666666666667,0.0,-0.00014720697072334588,0.42310652136802673,-2.3284523487091064,0.0017315682489424944,0.005065345671027899,0.005469849798828363,0.5180671215057373,0.23588788509368896,5,0.9356705546379089,0.3286552429199219,2.4232211112976074,2.420877695083618,False,12.041289329528809,0.06489801406860352,0.13082671910524368,0.23903429508209229,0.0854949951171875,0.08795948326587677,0.11081810295581818,0.002918243408203125,0.0,7.486343383789062e-05,0.00012445449829101562,0.011473655700683594,0.08539144694805145,4483.0,0.8882444791434307,0.040597813963863486,0.04082087887575284,0.007584207004238233,0.0,0.0227526210127147,7.83710447011552,4.282782264248271,6.471912860870361,0.3157091736793518,0.186370849609375,1.06691276084309,0.00974416732788086,0.013799717649817467,-0.0019958221819251776,-0.0004891877179034054,-0.0008982768631540239,0.018987655639648438,-0.0009512901306152344,0.0,-0.0007577658980153501,0.027695031836628914,0.8521031282526365,0.8773412379828732,0.13519300147891045,0.13519173860549927,0.1351931244134903,0.13519220054149628,0.13519494235515594,,,,,,,,,,,,,,,,,,,,,,,,,,,,,,121.38091316819191,nan,0.849853515625,1.0394203662872314
38,full,full,81788928,1143.9366359710693,288516.55325580074,1.306805248838793e-05,1.306805248838793e-05,0.0003,0.31725478172302246,0.1433333333333333,1.0,0.1433333333333333,0.0,0.0006334979552775621,0.40573349595069885,-2.328458070755005,0.002028048038482666,0.006204032804816961,0.005473300814628601,0.5199005603790283,0.26263323426246643,5,0.9375389814376831,0.32292646169662476,2.4745218753814697,2.4809730052948,False,12.732017517089844,0.0637216567993164,0.12881174869835377,0.23582713305950165,0.08453377336263657,0.08679016679525375,0.1080959215760231,0.0026608705520629883,0.0,5.5789947509765625e-05,0.00010538101196289062,0.010482311248779297,0.0851808413863182,4401.0,0.8870711201999546,0.037037037037037035,0.0461258804817087,0.005907748239036582,0.0,0.023858214042263123,7.995393613387978,4.188469239945467,6.429328441619873,0.3159714937210083,0.18766450881958008,1.045363044102439,0.010396480560302734,0.013777279295027256,-0.001995903206989169,-0.00048193070688284934,-0.0009044110774993896,0.01861572265625,-0.000934600830078125,0.0,-0.0008203984471037984,0.027255769819021225,0.8521031282526365,0.8834685595377142,0.13519275933504105,0.13519154489040375,0.13519293069839478,0.13519184291362762,0.13519471883773804,,,,,,,,,,,,,,,,,,,,,,,,,,,,,,121.37916244193912,nan,0.849853515625,1.0363714694976807
39,full,full,83886080,1151.682287454605,329908.0427515195,1.2328270575938213e-05,1.2328270575938213e-05,0.0003,0.31552854180336,0.13999999999999999,1.0,0.13999999999999999,0.0,0.0008211677195504308,0.4196051061153412,-2.328460693359375,0.001840961747802794,0.005540656857192516,0.005533004645258188,0.5293089151382446,0.2906634509563446,5,0.9359359741210938,0.3246173858642578,2.481508255004883,2.481231689453125,False,13.126998901367188,0.06554603576660156,0.13065613061189651,0.2394944429397583,0.08545941114425659,0.0884244292974472,0.10924623906612396,0.002950310707092285,0.0,7.581710815429688e-05,0.00011205673217773438,0.01161336898803711,0.08628778904676437,4486.0,0.8954525189478377,0.038341506910387874,0.03611234953187695,0.004458314757021846,0.0,0.025635309852875612,7.8050908638287275,3.5745629197085376,6.4594316482543945,0.31814995408058167,0.18535709381103516,1.0613284525959426,0.009371280670166016,0.013892840594053268,-0.001995832659304142,-0.0004927175468765199,-0.001004901365377009,0.01915454864501953,-0.0008440017700195312,0.0,-0.0007970095612108707,0.027912931516766548,0.8521031282526365,0.8902560394304077,0.1351925954222679,0.13519136607646942,0.13519281148910522,0.13519158959388733,0.13519461452960968,,,,,,,,,,,,,,,,,,,,,,,,,,,,,,121.3784698434174,nan,0.849853515625,1.0356388092041016
40,full,full,85983232,1291.8569266796112,332350.7385471696,1.160209597776635e-05,1.160209597776635e-05,0.0003,0.32052886486053467,0.13666666666666666,1.0,0.13666666666666666,0.0,0.000806550495326519,0.38948315382003784,-2.328462839126587,0.0017754680011421442,0.004642009735107422,0.005537896417081356,0.5079448819160461,0.2508690655231476,5,0.9394638538360596,0.3194761574268341,2.4952921867370605,2.503431797027588,False,12.991015434265137,0.06224966049194336,0.12862756103277206,0.2369178682565689,0.08370698988437653,0.08640764653682709,0.10747773945331573,0.0028055906295776367,0.0,9.5367431640625e-05,9.5367431640625e-05,0.011031627655029297,0.08613775670528412,4362.0,0.8929390187987162,0.03759743237047226,0.0405777166437414,0.007336084364970197,0.0,0.021549747822099955,7.940252460419341,4.056420327544704,6.388492107391357,0.3149016201496124,0.18869256973266602,1.051296681087747,0.009716510772705078,0.013811983168125153,-0.0019959292840212584,-0.00047663424629718065,-0.0009396529057994485,0.01857280731201172,-0.0008893013000488281,0.0,-0.0007876158924773335,0.027295658364892006,0.8521031282526365,0.8918208859821695,0.13519243150949478,0.13519106805324554,0.1351926177740097,0.1351916491985321,0.13519439101219177,0.838134765625,0.0762939453125,0.0361328125,0.0377197265625,0.006103515625,0.005615234375,0.0,0.8695388349514563,0.05157766990291262,0.8697604790419161,0.04940119760479042,0.7890137328339576,0.12640449438202248,0.838134765625,132.46964240074158,0.5733642578125,0.369140625,0.0413818359375,0.0,0.0,0.01611328125,0.0,0.5497808390732624,0.0,0.5331105710814095,0.0018226002430133657,0.6248864668483197,0.1008174386920981,0.5733642578125,121.37827140837908,0.838134765625,0.849853515625,1.0368356704711914
41,full,full,88080384,1300.2483451366425,300145.0044762967,1.0891897324474534e-05,1.0891897324474534e-05,0.0003,0.3178708553314209,0.1333333333333333,1.0,0.1333333333333333,0.0,0.0021615491714328527,0.41495007276535034,-2.3284690380096436,0.0017747108358889818,0.005471420474350452,0.005457183346152306,0.5144779086112976,0.3029034733772278,5,0.9335699081420898,0.3243258595466614,2.4164910316467285,2.4344794750213623,False,9.739502906799316,0.06036853790283203,0.12775000371038914,0.23501327633857727,0.08392952382564545,0.08697137236595154,0.1050858423113823,0.002597212791442871,0.0,7.343292236328125e-05,0.00011968612670898438,0.010195732116699219,0.08732517808675766,4185.0,0.8810035842293907,0.04062126642771804,0.03751493428912784,0.006929510155316607,0.0,0.03393070489844684,7.81164903715758,3.7211863892622463,6.465644359588623,0.32278239727020264,0.1860055923461914,0.9931787579278203,0.01394510269165039,0.013517901301383972,-0.0019961437210440636,-0.00047868399997241795,-0.0010621777037158608,0.01758098602294922,-0.0008487701416015625,0.0,-0.0011825794354081154,0.025530532002449036,0.8521031282526365,0.8918208859821695,0.13519228249788284,0.1351909041404724,0.13519242405891418,0.135191410779953,0.13519439101219177,,,,,,,,,,,,,,,,,,,,,,,,,,,,,,121.37782276421785,nan,0.849853515625,1.0467276573181152
42,full,full,90177536,1308.0586965084076,326931.74428721995,1.0199991136453406e-05,1.0199991136453406e-05,0.0003,0.3239685297012329,0.13,1.0,0.13,0.0,0.0005947913159616292,0.4087309241294861,-2.3284807205200195,0.0019921171478927135,0.005957222077995539,0.005927585065364838,0.5076234936714172,0.32067903876304626,5,0.937234103679657,0.32318317890167236,2.5451254844665527,2.551405429840088,False,12.218233108520508,0.0665135383605957,0.13168874382972717,0.24285629391670227,0.08521677553653717,0.08853979408740997,0.11014211177825928,0.0028780698776245117,0.0,6.771087646484375e-05,9.870529174804688e-05,0.011345863342285156,0.08636883646249771,4493.0,0.8971733808146005,0.030046739372357,0.03694636100600935,0.005564210994880926,0.0,0.030269307812152237,7.8556272223600425,3.183643958310149,6.353061199188232,0.31243643164634705,0.19623470306396484,1.038222388672625,0.01030111312866211,0.014040756039321423,-0.0019958452321588993,-0.00048087333561852574,-0.0008766060927882791,0.01922130584716797,-0.0007772445678710938,0.0,-0.0009282585233449936,0.02820323221385479,0.8521031282526365,0.8918208859821695,0.13519217818975449,0.13519074022769928,0.13519228994846344,0.1351913958787918,0.13519428670406342,,,,,,,,,,,,,,,,,,,,,,,,,,,,,,121.37650857493281,nan,0.849853515625,1.0421786308288574
43,full,full,92274688,1315.759248971939,332326.83077081176,9.528634267874016e-06,9.528634267874016e-06,0.0003,0.3148636817932129,0.12666666666666665,1.0,0.12666666666666665,0.0,-0.0005620606243610382,0.3895334303379059,-2.3284811973571777,0.0019959663040935993,0.005707168485969305,0.005855133756995201,0.5422236323356628,0.2616185247898102,5,0.9397568702697754,0.31408190727233887,2.4947509765625,2.4818193912506104,False,13.022330284118652,0.06752920150756836,0.13210826739668846,0.2460179477930069,0.08583065867424011,0.08916755020618439,0.10741691291332245,0.0027331113815307617,0.0,7.200241088867188e-05,0.00011301040649414062,0.010747432708740234,0.08709151297807693,4576.0,0.9010052447552448,0.03430944055944056,0.040646853146853144,0.005681818181818182,0.0,0.018356643356643356,7.908141321044546,3.4847036508413463,6.4562859535217285,0.3181436359882355,0.1842365264892578,1.0602850038305054,0.00921773910522461,0.014122704043984413,-0.0019957157783210278,-0.0004906211979687214,-0.0009973072446882725,0.019659996032714844,-0.0008797645568847656,0.0,-0.0006930825766175985,0.028726208955049515,0.8521031282526365,0.8930607365997453,0.13519202917814255,0.13519051671028137,0.13519220054149628,0.13519123196601868,0.13519416749477386,,,,,,,,,,,,,,,,,,,,,,,,,,,,,,121.37606159970164,nan,0.849853515625,1.0390050411224365
44,full,full,94371840,1323.5113441944122,329764.49726115784,8.880016545298619e-06,8.880016545298619e-06,0.0003,0.3143329620361328,0.12333333333333332,1.0,0.12333333333333332,0.0,0.0004966087290085852,0.3680197596549988,-2.32848858833313,0.0020996821112930775,0.006308364681899548,0.005789649672806263,0.5200113654136658,0.3019976019859314,5,0.943543553352356,0.3074759244918823,2.5289082527160645,2.528561592102051,False,13.382080078125,0.06475448608398438,0.13042127341032028,0.24558904767036438,0.08450175821781158,0.08790448307991028,0.10368980467319489,0.002652287483215332,0.0,6.389617919921875e-05,0.00010013580322265625,0.010445117950439453,0.08627666532993317,4442.0,0.904772624943719,0.031742458352093654,0.035119315623592974,0.005177847816298964,0.0,0.023187753264295362,7.700986978518703,2.9510619512606935,6.473416805267334,0.3188480734825134,0.18491268157958984,1.0579421207354496,0.009575366973876953,0.014114073477685452,-0.001995861530303955,-0.0004779880400747061,-0.0009274733602069318,0.019164085388183594,-0.000762939453125,0.0,-0.0007561920210719109,0.02835770696401596,0.8521031282526365,0.900983750171188,0.13519185781478882,0.1351902335882187,0.13519203662872314,0.13519106805324554,0.1351940929889679,,,,,,,,,,,,,,,,,,,,,,,,,,,,,,121.37574050948024,nan,0.849853515625,1.040475606918335
45,full,full,96468992,1432.316683292389,306631.4207711448,8.256253624921585e-06,8.256253624921585e-06,0.0003,0.3177284896373749,0.12,1.0,0.12,0.0,0.0010349736548960209,0.3800342082977295,-2.3284904956817627,0.001451199408620596,0.0033627511002123356,0.005682208575308323,0.504688560962677,0.319201797246933,5,0.9409995079040527,0.3115525245666504,2.570254325866699,2.5699968338012695,False,13.395170211791992,0.06650495529174805,0.12985911220312119,0.245582714676857,0.08374150842428207,0.08789793401956558,0.10221429169178009,0.002562403678894043,0.0,4.673004150390625e-05,7.963180541992188e-05,0.010123252868652344,0.08642823994159698,4523.0,0.9049303559584346,0.0282998010170241,0.03515365907583462,0.004864028299801017,0.0,0.026752155648905592,7.7629367212313705,2.8919677464487066,6.402264595031738,0.31618431210517883,0.18667984008789062,1.0638113959018738,0.010796546936035156,0.014429311268031597,-0.0019958007615059614,-0.00046991166891530156,-0.0009180745109915733,0.019516944885253906,-0.0007367134094238281,0.0,-0.0009021284058690071,0.028923632577061653,0.8521031282526365,0.9035694085524661,0.13519179448485374,0.13519009947776794,0.13519197702407837,0.13519106805324554,0.13519403338432312,0.859375,0.0673828125,0.03173828125,0.032470703125,0.004150390625,0.0048828125,0.0,0.87248322147651,0.04758999389871873,0.8972560975609756,0.03231707317073171,0.8148487626031164,0.11487931561258784,0.859375,100.55779218673706,0.5733642578125,0.369140625,0.0413818359375,0.0,0.0,0.01611328125,0.0,0.5497808390732624,0.0,0.5331105710814095,0.0018226002430133657,0.6248864668483197,0.1008174386920981,0.5733642578125,121.37555135786533,0.859375,0.859375,1.0481657981872559
46,full,full,98566144,1440.03910446167,332984.25205596484,7.659380091738652e-06,7.659380091738652e-06,0.0003,0.3155399560928345,0.11666666666666667,1.0,0.11666666666666667,0.0,0.0026076731737703085,0.3738655149936676,-2.328490972518921,0.0013119734358042479,0.002240848494693637,0.005442049354314804,0.4978167414665222,0.32866567373275757,5,0.9391917586326599,0.30858027935028076,2.4783408641815186,2.4904630184173584,False,9.854304313659668,0.06019115447998047,0.12738437578082085,0.24163082242012024,0.08233374357223511,0.08653085678815842,0.09904208034276962,0.0023713111877441406,0.0,7.200241088867188e-05,0.00010013580322265625,0.009313106536865234,0.08735382556915283,4160.0,0.88125,0.035576923076923075,0.03653846153846154,0.0057692307692307696,0.0,0.040865384615384616,7.6105746499363525,3.3444249079777646,6.42311429977417,0.32325583696365356,0.1807870864868164,0.9934296680891918,0.014441967010498047,0.013780719600617886,-0.001996195176616311,-0.00046787766041234136,-0.0009428926859982312,0.017480850219726562,-0.0007724761962890625,0.0,-0.0012436629040166736,0.0258384607732296,0.8521031282526365,0.9035694085524661,0.13519177958369255,0.13519015908241272,0.13519194722175598,0.13519100844860077,0.13519400358200073,,,,,,,,,,,,,,,,,,,,,,,,,,,,,,121.3768937624991,nan,0.859375,1.045316219329834
47,full,full,100663296,1448.5455520153046,297200.3764568569,7.09134282315354e-06,7.09134282315354e-06,0.0003,0.32406118512153625,0.11333333333333331,1.0,0.11333333333333331,0.0,0.002236382570117712,0.4163157343864441,-2.328490972518921,0.0012492465320974588,0.002509975340217352,0.005793966818600893,0.5112362504005432,0.3029605448246002,5,0.9366964101791382,0.32649296522140503,2.589622735977173,2.6015141010284424,False,12.105637550354004,0.0664215087890625,0.13199644722044468,0.24919994175434113,0.08521191030740738,0.08895283937454224,0.10462109744548798,0.002834320068359375,0.0,9.107589721679688e-05,0.00014257431030273438,0.011103630065917969,0.08706273883581161,4684.0,0.8874893253629377,0.030742954739538857,0.036720751494449186,0.0044833475661827495,0.0,0.040563620836891544,7.731248496511908,3.0193715474220753,6.396463394165039,0.3117595613002777,0.1992635726928711,1.0260947363635058,0.013348579406738281,0.014531373046338558,-0.0019957132171839476,-0.00048170139780268073,-0.0009107685182243586,0.019822120666503906,-0.0008034706115722656,0.0,-0.0012420415878295898,0.028919801115989685,0.8521031282526365,0.9035694085524661,0.13519170135259628,0.13519009947776794,0.1351919025182724,0.13519084453582764,0.13519395887851715,,,,,,,,,,,,,,,,,,,,,,,,,,,,,,121.37726293504238,nan,0.859375,1.074995994567871
48,full,full,102760448,1456.5182366371155,319061.46943692956,6.553994638668532e-06,6.553994638668532e-06,0.0003,0.31701040267944336,0.11000000000000001,1.0,0.11000000000000001,0.0,0.0011044795392081141,0.3856274485588074,-2.328491449356079,0.0011011410970240831,0.0017765999073162675,0.005658512003719807,0.5229840278625488,0.36321237683296204,5,0.9411187767982483,0.3111971318721771,2.5535171031951904,2.552938461303711,False,13.093292236328125,0.06634378433227539,0.13014042750000954,0.24861998856067657,0.08371792733669281,0.08801566064357758,0.10020813345909119,0.0025587081909179688,0.0,0.00010061264038085938,0.0001087188720703125,0.010025501251220703,0.08779682964086533,4544.0,0.8987676056338029,0.03125,0.03125,0.005061619718309859,0.0,0.03367077464788732,7.657978289258896,2.859460965008803,6.424581527709961,0.3170771300792694,0.188690185546875,1.0219706029890425,0.012100696563720703,0.014333337545394897,-0.0019958126358687878,-0.00046648026909679174,-0.0009740001405589283,0.019474029541015625,-0.0007319450378417969,0.0,-0.0010656598024070263,0.02857346460223198,0.8521031282526365,0.9035694085524661,0.1351916715502739,0.1351899802684784,0.1351919025182724,0.13519084453582764,0.13519395887851715,,,,,,,,,,,,,,,,,,,,,,,,,,,,,,121.37816661223769,nan,0.859375,1.0427803993225098
49,full,full,104857600,1464.4676976203918,320705.30145881086,6.049088256372387e-06,6.049088256372387e-06,0.0003,0.320979505777359,0.10666666666666666,1.0,0.10666666666666666,0.0,0.0007984073599800467,0.3960433304309845,-2.328491449356079,0.0011991935316473246,0.002503681229427457,0.00565869826823473,0.5147982239723206,0.43282046914100647,5,0.939958393573761,0.31476810574531555,2.602274179458618,2.599823474884033,False,13.31074333190918,0.06584644317626953,0.1294803787022829,0.24736544489860535,0.08255308866500854,0.08835205435752869,0.09965092688798904,0.002512693405151367,1.049041748046875e-05,0.0001049041748046875,9.72747802734375e-05,0.009838104248046875,0.08744166791439056,4573.0,0.9022523507544281,0.026022304832713755,0.03214520008746993,0.004373496610540126,0.0,0.03520664771484802,7.51586282113427,2.8786094160015305,6.381550312042236,0.3159336447715759,0.19249916076660156,1.0388025606886302,0.012461662292480469,0.014696626923978329,-0.0019957919139415026,-0.0004691234207712114,-0.0008862143731676042,0.019674301147460938,-0.0006818771362304688,0.0,-0.0010934111196547747,0.029244516044855118,0.8521031282526365,0.9035694085524661,0.1351916529238224,0.13518990576267242,0.13519194722175598,0.13519081473350525,0.13519394397735596,,,,,,,,,,,,,,,,,,,,,,,,,,,,,,121.37860499322414,nan,0.859375,1.0477356910705566
50,full,full,106954752,1611.0926790237427,334890.63275986904,5.578270575938212e-06,5.578270575938212e-06,0.0003,0.3197532892227173,0.10333333333333333,1.0,0.10333333333333333,0.0,0.0004846726078540087,0.38145309686660767,-2.328491687774658,0.0012232835870236158,0.0023762702476233244,0.005666587967425585,0.5141876935958862,0.3200913369655609,5,0.9425922632217407,0.3118422031402588,2.6199092864990234,2.6196610927581787,False,13.375041961669922,0.06705904006958008,0.1298922263085842,0.24835096299648285,0.08350256830453873,0.08886454254388809,0.09885083138942719,0.0024771690368652344,0.0,6.914138793945312e-05,0.00011920928955078125,0.009720325469970703,0.08776943385601044,4606.0,0.9042553191489362,0.028658271819366043,0.03234910985670864,0.004342162396873643,0.0,0.030395136778115502,7.5933973589435775,2.6553707545185627,6.382199287414551,0.317666232585907,0.19071483612060547,1.0294509829782128,0.011470317840576172,0.014529033564031124,-0.001995740458369255,-0.00046937019214965403,-0.0009231553412973881,0.019860267639160156,-0.0007176399230957031,0.0,-0.0010130165610462427,0.029270373284816742,0.8521031282526365,0.9035694085524661,0.13519158586859703,0.13518977165222168,0.13519184291362762,0.13519081473350525,0.13519391417503357,0.89208984375,0.04345703125,0.025146484375,0.0296630859375,0.0045166015625,0.005126953125,0.0,0.9168765743073047,0.042821158690176324,0.9250913520097442,0.030755176613885507,0.8475903614457831,0.09548192771084338,0.89208984375,138.963472366333,0.562744140625,0.3778076171875,0.0408935546875,0.0001220703125,0.0,0.0184326171875,0.0,0.5236923076923077,0.0,0.5289876839891859,0.0021027335536197055,0.6170475602223595,0.1016059295861643,0.562744140625,121.37870683148503,0.89208984375,0.89208984375,1.040785312652588
51,full,full,109051904,1618.865097284317,329357.22521673935,5.143077306779053e-06,5.143077306779053e-06,0.0003,0.31645968556404114,0.09999999999999998,1.0,0.09999999999999998,0.0,0.000922747771255672,0.348346084356308,-2.328493356704712,0.0010577186476439238,0.0014319419860839844,0.005632865242660046,0.5088639855384827,0.29044002294540405,5,0.9465473890304565,0.3003949820995331,2.6227450370788574,2.6238245964050293,False,10.356646537780762,0.0635528564453125,0.12790966778993607,0.24513816833496094,0.0829768255352974,0.08903127163648605,0.09449240565299988,0.0022101402282714844,0.0,7.534027099609375e-05,0.00011539459228515625,0.008649826049804688,0.08825162798166275,4338.0,0.905025357307515,0.027201475334255418,0.036883356385431075,0.005532503457814661,0.0,0.025357307514983864,7.577007980981491,2.5130588782993315,6.415482521057129,0.32614025473594666,0.18156671524047852,1.0218944423580454,0.011121749877929688,0.014425832778215408,-0.0019959677010774612,-0.0004635969817172736,-0.0010540552902966738,0.018720626831054688,-0.0007200241088867188,0.0,-0.0008955238736234605,0.028017286211252213,0.8521031282526365,0.9038443424036263,0.13519155606627464,0.1351897120475769,0.13519181311130524,0.13519074022769928,0.13519395887851715,,,,,,,,,,,,,,,,,,,,,,,,,,,,,,121.37872484326363,nan,0.89208984375,1.0464355945587158
52,full,full,111149056,1626.5655467510223,333202.74654528353,4.74492795888301e-06,4.74492795888301e-06,0.0003,0.321835458278656,0.09666666666666665,1.0,0.09666666666666665,0.0,2.1832443053426687e-06,0.38797658681869507,-2.328493356704712,0.0013792478712275624,0.002612209413200617,0.005808181595057249,0.5146259069442749,0.35614079236984253,5,0.9404700994491577,0.31507787108421326,2.701148509979248,2.7000792026519775,False,12.920631408691406,0.06870651245117188,0.13126357086002827,0.25338178873062134,0.08414020389318466,0.08951534330844879,0.09801694750785828,0.0024161338806152344,0.0,6.103515625e-05,0.00011491775512695312,0.009488582611083984,0.08714808523654938,4754.0,0.9171224232225494,0.024610854017669333,0.02902818679007152,0.0033655868742111907,0.0,0.02587294909549853,7.4807874617737005,2.120366566312579,6.394063949584961,0.3161342442035675,0.1984844207763672,1.0224277450919155,0.011118412017822266,0.01514394674450159,-0.001995583763346076,-0.0004675895324908197,-0.0009116436121985316,0.02079010009765625,-0.0006461143493652344,0.0,-0.0009187696850858629,0.030994346365332603,0.8521031282526365,0.9088010332263335,0.13519152253866196,0.13518965244293213,0.13519176840782166,0.1351907104253769,0.13519395887851715,,,,,,,,,,,,,,,,,,,,,,,,,,,,,,121.37920232489705,nan,0.89208984375,1.0430140495300293
53,full,full,113246208,1634.993774652481,299242.3601796864,4.385121212666664e-06,4.385121212666664e-06,0.0003,0.31979456543922424,0.09333333333333332,1.0,0.09333333333333332,0.0,0.00038992930785752833,0.3659733533859253,-2.328493595123291,0.001524726627394557,0.0029937743674963713,0.005693287122994661,0.5324390530586243,0.46226486563682556,5,0.9439945220947266,0.30605003237724304,2.642521858215332,2.6409261226654053,False,13.365070343017578,0.06669092178344727,0.1295880489051342,0.2514828145503998,0.08350703120231628,0.08928200602531433,0.09408034384250641,0.0021783113479614258,0.0,6.628036499023438e-05,0.00010538101196289062,0.008541584014892578,0.08734435588121414,4577.0,0.9084553200786541,0.020974437404413373,0.032991042167358535,0.0061175442429539,0.0,0.03146165610662006,7.431353214686548,2.4402792665774524,6.404075622558594,0.32069799304008484,0.19023895263671875,1.0189406519450572,0.01177978515625,0.014753798022866249,-0.0019957723561674356,-0.00046485121129080653,-0.0010729924542829394,0.019826889038085938,-0.0006556510925292969,0.0,-0.0010137321660295129,0.029377685859799385,0.8521031282526365,0.9102010335362395,0.13519150391221046,0.13518954813480377,0.13519176840782166,0.13519074022769928,0.13519395887851715,,,,,,,,,,,,,,,,,,,,,,,,,,,,,,121.37994291260839,nan,0.89208984375,1.0410020351409912
54,full,full,115343360,1642.7782661914825,328186.55089649087,4.064830682949525e-06,4.064830682949525e-06,0.0003,0.31848663091659546,0.08999999999999997,1.0,0.08999999999999997,0.0,-0.00034342799335718155,0.37872663140296936,-2.328493595123291,0.0010936815524473786,0.0015524864429607987,0.005740293767303228,0.5222727060317993,0.3579890727996826,5,0.9420363306999207,0.31071025133132935,2.6601555347442627,2.652909994125366,False,13.513737678527832,0.06731510162353516,0.12969852052628994,0.252230703830719,0.08376496285200119,0.08957446366548538,0.0932239517569542,0.002271413803100586,0.0,5.435943603515625e-05,9.822845458984375e-05,0.008933067321777344,0.08779120445251465,4730.0,0.9095137420718816,0.02156448202959831,0.030232558139534883,0.00507399577167019,0.0,0.03361522198731501,7.4371920037192005,1.9946458360861523,6.432905673980713,0.32109972834587097,0.19020605087280273,1.0296211872416274,0.012210845947265625,0.015178541652858257,-0.0019956398755311966,-0.00046387288603000343,-0.000995307695120573,0.020513534545898438,-0.0006413459777832031,0.0,-0.0011124612065032125,0.030483437702059746,0.8521031282526365,0.9116971617910284,0.13519148156046867,0.13518951833248138,0.13519176840782166,0.1351906806230545,0.13519395887851715,,,,,,,,,,,,,,,,,,,,,,,,,,,,,,121.38036789745092,nan,0.89208984375,1.040654182434082
55,full,full,117440512,1709.9848239421844,325890.86721651093,3.785101090866418e-06,3.785101090866418e-06,0.0003,0.3185984492301941,0.08666666666666667,1.0,0.08666666666666667,0.0,-7.1027381636668e-05,0.3723999559879303,-2.32849383354187,0.0008397785713896155,0.0011444091796875,0.005787108093500137,0.5197464227676392,0.3230077624320984,5,0.9435198307037354,0.3110419511795044,2.669466972351074,2.66426420211792,False,13.544050216674805,0.06824636459350586,0.12935958057641983,0.2512790560722351,0.08334919065237045,0.0901457816362381,0.09266429394483566,0.0023224353790283203,0.0,7.724761962890625e-05,0.00010824203491210938,0.009104251861572266,0.08792313933372498,4690.0,0.9074626865671642,0.02110874200426439,0.03155650319829424,0.006396588486140725,0.0,0.03347547974413646,7.371232769423559,2.089268431836354,6.391589641571045,0.3223027288913727,0.19035959243774414,1.0256055351403888,0.012412071228027344,0.015127576887607574,-0.001995677361264825,-0.00046792265493422747,-0.0010551376035436988,0.020294189453125,-0.0006604194641113281,0.0,-0.0011086706072092056,0.030133942142128944,0.8521031282526365,0.9116971617910284,0.13519147038459778,0.13518951833248138,0.13519176840782166,0.1351906806230545,0.13519391417503357,0.900390625,0.0462646484375,0.018798828125,0.027099609375,0.0037841796875,0.003662109375,0.0,0.9111821086261981,0.03961661341853035,0.9297066014669927,0.02689486552567237,0.8667660208643815,0.07660208643815201,0.900390625,59.36472535133362,0.562744140625,0.3778076171875,0.0408935546875,0.0001220703125,0.0,0.0184326171875,0.0,0.5236923076923077,0.0,0.5289876839891859,0.0021027335536197055,0.6170475602223595,0.1016059295861643,0.562744140625,121.38059514015913,0.900390625,0.900390625,1.0346519947052002
56,full,full,119537664,1717.7398624420166,330166.77946274745,3.546844856204287e-06,3.546844856204287e-06,0.0003,0.3157562017440796,0.08333333333333331,1.0,0.08333333333333331,0.0,0.0009080137824639678,0.328692764043808,-2.32849383354187,0.0006631707074120641,0.0008376121404580772,0.005630805157124996,0.5128429532051086,0.2921401858329773,5,0.9496511220932007,0.2964874505996704,2.6992733478546143,2.6947646141052246,False,10.649055480957031,0.06274652481079102,0.12727896310389042,0.2465226948261261,0.08280378580093384,0.0898643210530281,0.08992505073547363,0.002046823501586914,0.0,6.866455078125e-05,8.96453857421875e-05,0.008028984069824219,0.08825447410345078,4447.0,0.915448617045199,0.016865302451090622,0.03440521700022487,0.005172026085001125,0.0,0.02810883741848437,7.250941619585688,1.9188065251152462,6.413414478302002,0.32998502254486084,0.17897891998291016,1.0259972631918284,0.011604785919189453,0.014884420670568943,-0.0019958780612796545,-0.0004511730221565813,-0.0010297605767846107,0.01941204071044922,-0.0005984306335449219,0.0,-0.000940370315220207,0.029280850663781166,0.8521031282526365,0.9116971617910284,0.13519147038459778,0.13518951833248138,0.13519176840782166,0.1351906806230545,0.13519391417503357,,,,,,,,,,,,,,,,,,,,,,,,,,,,,,121.38084701821208,nan,0.900390625,1.038177728652954
57,full,full,121634816,1726.3109238147736,293107.03002605843,3.3508391212784986e-06,3.3508391212784986e-06,0.0003,0.3135036528110504,0.07999999999999999,1.0,0.07999999999999999,0.0,-0.00040740278200246394,0.3496268391609192,-2.32849383354187,0.0009301950922235847,0.00156230921857059,0.006001613102853298,0.5264750123023987,0.350104421377182,5,0.9479817152023315,0.3029833436012268,2.7375376224517822,2.720060348510742,False,13.114418029785156,0.07198905944824219,0.13186202012002468,0.2569304406642914,0.08476437628269196,0.09150536358356476,0.09424789994955063,0.0023027658462524414,0.0,8.916854858398438e-05,0.00011396408081054688,0.009007930755615234,0.08763390779495239,4863.0,0.9249434505449311,0.017067653711700596,0.027143738433066007,0.00329015011309891,0.0,0.02755500719720337,7.393070994516081,1.7458395184299815,6.4731855392456055,0.3220347762107849,0.18921566009521484,1.0417975266749662,0.010563373565673828,0.01564253307878971,-0.001995490398257971,-0.00047313416143879294,-0.0009670114377513528,0.021448135375976562,-0.0005507469177246094,0.0,-0.0008867270080372691,0.03221755474805832,0.8521031282526365,0.9159515847190981,0.13519145175814629,0.13518954813480377,0.13519173860549927,0.13519060611724854,0.13519391417503357,,,,,,,,,,,,,,,,,,,,,,,,,,,,,,121.38139872252941,nan,0.900390625,1.0351459980010986
58,full,full,123731968,1734.4133446216583,313187.25591326074,3.197723216056145e-06,3.197723216056145e-06,0.0003,0.31964537501335144,0.07666666666666666,1.0,0.07666666666666666,0.0,0.00025085205561481416,0.3502156138420105,-2.3284990787506104,0.0011727971723303199,0.002158260438591242,0.005560778547078371,0.527945876121521,0.3950341045856476,5,0.947594165802002,0.30420544743537903,2.743854284286499,2.730149269104004,False,13.732767105102539,0.06768608093261719,0.12913126684725285,0.25131791830062866,0.08376021683216095,0.09016098827123642,0.09128594398498535,0.002138972282409668,0.0,8.869171142578125e-05,0.00012922286987304688,0.008337974548339844,0.08757639676332474,4726.0,0.9191705459162082,0.01946677951756242,0.026449428692340245,0.004231908590774439,0.0,0.030681337283114684,7.2816029772866795,1.6331679141980533,6.3952412605285645,0.3223874866962433,0.1892104148864746,1.0145149167218999,0.011054515838623047,0.015400521457195282,-0.001995630795136094,-0.00045599229633808136,-0.0008826875709928572,0.02071380615234375,-0.0005650520324707031,0.0,-0.000994277186691761,0.031220680102705956,0.8521031282526365,0.9198542045021126,0.13519145175814629,0.13518954813480377,0.13519173860549927,0.13519060611724854,0.13519391417503357,,,,,,,,,,,,,,,,,,,,,,,,,,,,,,121.38171095401049,nan,0.900390625,1.0406596660614014
59,full,full,125829120,1742.276195526123,324569.8322619001,3.087996572794572e-06,3.087996572794572e-06,0.0003,0.3160628080368042,0.07333333333333333,1.0,0.07333333333333333,0.0,0.0006299900123849511,0.34954169392585754,-2.3284990787506104,0.0009835988748818636,0.0012247085105627775,0.005549742374569178,0.5300840139389038,0.3528359830379486,5,0.9486112594604492,0.3052729368209839,2.7532081604003906,2.7469141483306885,False,13.763445854187012,0.0674448013305664,0.12993041798472404,0.25374579429626465,0.08413709700107574,0.0914345309138298,0.09040424972772598,0.0019893646240234375,0.0,5.5789947509765625e-05,8.487701416015625e-05,0.007816791534423828,0.08858612924814224,4744.0,0.9169477234401349,0.021290050590219226,0.031197301854974706,0.0031618887015177066,0.0,0.02740303541315346,7.396015325670498,1.8652393154510962,6.478677749633789,0.3239993155002594,0.1906428337097168,1.0251127418979658,0.01116180419921875,0.015375693328678608,-0.0019955995958298445,-0.00046934577403590083,-0.0009994215797632933,0.020742416381835938,-0.000629425048828125,0.0,-0.0009261610102839768,0.03109816089272499,0.8521031282526365,0.9203539066337582,0.1351914294064045,0.135189488530159,0.13519170880317688,0.13519065082073212,0.13519386947155,,,,,,,,,,,,,,,,,,,,,,,,,,,,,,121.38194720074534,nan,0.900390625,1.038954257965088
60,full,full,127926272,1879.4302127361298,329371.95065808727,3.0220170969971693e-06,3.0220170969971693e-06,0.0003,0.3194904327392578,0.06999999999999998,1.0,0.06999999999999998,0.0,0.00017196356202475727,0.34572944045066833,-2.3284993171691895,0.0009343186393380165,0.0011012076865881681,0.005762416869401932,0.5071038603782654,0.45013633370399475,5,0.9483166933059692,0.3046634793281555,2.7981858253479004,2.7868428230285645,False,13.915252685546875,0.06801652908325195,0.12957344390451908,0.25415679812431335,0.08388833701610565,0.09065742045640945,0.08959122002124786,0.0020629167556762695,8.58306884765625e-06,8.440017700195312e-05,0.0001125335693359375,0.008046150207519531,0.08777046203613281,4771.0,0.9243345210647663,0.01886396981764829,0.027667155732550828,0.004401592957451268,0.0,0.024732760427583315,7.3094746787603935,1.863587052635716,6.395901679992676,0.3220721483230591,0.19166898727416992,1.0241804045935032,0.010796546936035156,0.015526298433542252,-0.0019955625757575035,-0.0004654746735468507,-0.0009957549627870321,0.021028518676757812,-0.0005793571472167969,0.0,-0.0008612637175247073,0.03165740519762039,0.8521031282526365,0.9203539066337582,0.1351913958787918,0.135189488530159,0.1351916491985321,0.13519060611724854,0.1351938396692276,0.907958984375,0.042724609375,0.015869140625,0.02587890625,0.003662109375,0.00390625,0.0,0.9231234866828087,0.03268765133171913,0.9320182094081942,0.023975720789074353,0.875808936825886,0.0736517719568567,0.907958984375,129.39309549331665,0.5731201171875,0.3701171875,0.0399169921875,0.0,0.0,0.016845703125,0.0,0.5446265938069217,0.0,0.53836784409257,0.0018270401948842874,0.6225084329960134,0.0984360625574977,0.5731201171875,121.38240072876215,0.907958984375,0.907958984375,1.0357520580291748
