chunk,phase,stage,timesteps,wall_s,steps_per_s,lr_trunk,lr_head,lr_critic,teacher_weight_mean,distill_coef_sched,distill_boost,distill_coef_eff,ent_coef,policy_loss,value_loss,entropy,approx_kl,clip_frac,distill_loss,gn_actor,gn_critic,epochs_run,explained_var,adv_abs_mean,ret_mean,val_mean,early_stopped,ep_return_mean,controller_step_frac,agree_mae,agree_mae_d0,agree_mae_d1,agree_mae_d2,agree_mae_d3,sat_frac,sat_frac_d0,sat_frac_d1,sat_frac_d2,sat_frac_d3,teacher_abs_mean,train_episodes,train_hit_rate,train_oob_rate,train_roll_rate,train_pitch_rate,train_timeout_rate,train_hover_rate,train_hit_time_s,train_final_dist,train_mean_speed,train_mean_tilt_rad,train_near_frac,train_near_speed,train_stall_frac,rew_progress,rew_step,rew_tumble,rew_tilt,rew_hit,rew_crash,rew_timeout,rew_hover,rew_total,baseline_train_hit_rate,best_eval_hit,std_mean,std_d0,std_d1,std_d2,std_d3,eval_hit,eval_hover,eval_oob,eval_roll,eval_pitch,eval_timeout,eval_unfinished,eval_ho_n,eval_ho_dist_err_mean,eval_ho_dist_err_p10,eval_ho_dist_err_p90,eval_ho_speed_err_mean,eval_ho_speed_err_p10,eval_ho_speed_err_p90,eval_ho_speed_mean,eval_ho_tilt_mean,eval_ho_off_frac,eval_ho_leg_s,eval_hit_b0,eval_crash_b0,eval_hit_b1,eval_crash_b1,eval_hit_b2,eval_crash_b2,success_rate,t_eval_s,pid_hit,pid_hover,pid_oob,pid_roll,pid_pitch,pid_timeout,pid_unfinished,pid_hit_b0,pid_crash_b0,pid_hit_b1,pid_crash_b1,pid_hit_b2,pid_crash_b2,pid_success_rate,total_param_norm,score,best_score,t_update_s
0,settle,settle,2097152,313.1786026954651,145153.9589681359,3e-05,3e-05,0.0003,0.14798033237457275,0.0,1.0,0.0,0.0,nan,nan,nan,nan,nan,nan,nan,nan,nan,nan,nan,nan,nan,False,-0.8274962902069092,0.8694896697998047,0.4347701631486416,0.6750165224075317,0.28674328327178955,0.24677447974681854,0.5305463671684265,0.018203020095825195,0.008717060089111328,0.00103759765625,0.0047168731689453125,0.05834054946899414,0.00739611592143774,671.0,0.10283159463487332,0.0,0.029806259314456036,0.004470938897168405,0.8628912071535022,0.0,32.67487922705314,99.01238822652758,9.563899040222168,0.09472502768039703,0.0035142898559570312,3.0261125127204886,6.198883056640625e-05,0.00586905051022768,-0.0019999139476567507,-0.00014437080244533718,-0.0001257058174815029,0.00032901763916015625,-5.4836273193359375e-05,-0.0008282661437988281,-4.0531159584134e-07,0.003044573124498129,nan,0.928466796875,0.10000000149011612,0.10000000149011612,0.10000000149011612,0.10000000149011612,0.10000000149011612,0.928466796875,0.0445556640625,0.0,0.023193359375,0.0037841796875,0.0,0.0,8192.0,1.9848010540008545,0.06822662353515625,5.009810304641727,2.2468514442443848,0.7176949501037598,3.833176112174988,12.86355209350586,8.918213844299316,0.658203125,22.858789443969727,0.9266750948166877,0.038558786346396964,0.9429175475687104,0.01359106010268801,0.9148226735374356,0.03485904819642316,0.928466796875,298.594788312912,0.0010986328125,0.48388671875,0.0,0.0,0.0,0.5150146484375,0.0,0.0006101281269066504,0.0,0.0006009615384615385,0.0,0.0018604651162790699,0.0,0.0010986328125,115.52731972560287,0.928466796875,nan,
1,settle,settle,4194304,326.51453733444214,161444.8400924308,3e-05,3e-05,0.0003,0.3702862858772278,0.0,1.0,0.0,0.0,nan,nan,nan,nan,nan,nan,nan,nan,nan,nan,nan,nan,nan,False,11.48464584350586,0.6102294921875,0.32474808394908905,0.5524932146072388,0.2325383424758911,0.20388907194137573,0.3100717067718506,0.010855436325073242,0.008728981018066406,0.00039386749267578125,0.011416435241699219,0.022882461547851562,0.009376589208841324,1768.0,0.9519230769230769,0.0,0.023755656108597284,0.003959276018099547,0.0,0.020361990950226245,12.109130520895228,1.2397112954256222,7.372620582580566,0.18196792900562286,0.06638097763061523,1.0119068356667218,0.004840373992919922,0.008034562692046165,-0.0019983495585620403,-0.00016912908176891506,-0.0003151571727357805,0.008025169372558594,-0.00011682510375976562,0.0,-0.00028765221941284835,0.01317262090742588,nan,0.928466796875,0.10000000149011612,0.10000000149011612,0.10000000149011612,0.10000000149011612,0.10000000149011612,,,,,,,,,,,,,,,,,,,,,,,,,,,,,,,,,,,,,,,,,115.52731972560287,nan,nan,
2,critic_warmup,critic_warmup,6291456,340.90035247802734,161621.86788746357,3e-05,3e-05,9.999999999999999e-05,0.4557061493396759,0.0,1.0,0.0,0.0,nan,0.6973940134048462,nan,nan,nan,nan,0.0,0.14343640208244324,8,0.0003077387809753418,0.2710658013820648,0.1810927391052246,0.0017263568006455898,False,13.810395240783691,0.654447078704834,0.3544701337814331,0.5730221271514893,0.2602126896381378,0.2203456461429596,0.36430007219314575,0.012412786483764648,0.01192331314086914,0.0004324913024902344,0.014244556427001953,0.023050785064697266,0.008684666827321053,1735.0,0.9446685878962536,0.0,0.023054755043227664,0.0069164265129683,0.0,0.025360230547550433,16.3549115314216,1.5794277400036023,5.36256742477417,0.15840297937393188,0.06495380401611328,1.00857082030275,0.004230499267578125,0.006477043032646179,-0.001998387509956956,-0.00013189541641622782,-0.0003282478719484061,0.007815361022949219,-0.0001239776611328125,0.0,-0.0002826214476954192,0.011427275836467743,0.9446685878962536,0.928466796875,0.10000000149011612,0.10000000149011612,0.10000000149011612,0.10000000149011612,0.10000000149011612,,,,,,,,,,,,,,,,,,,,,,,,,,,,,,,,,,,,,,,,,115.52731972560287,nan,nan,1.1471259593963623
3,critic_warmup,critic_warmup,8388608,355.1462459564209,162974.10859067165,3e-05,3e-05,0.00019999999999999998,0.4336559772491455,0.0,1.0,0.0,0.0,nan,0.4713703989982605,nan,nan,nan,nan,0.0,0.05636515095829964,8,0.30846548080444336,0.19700831174850464,0.23129327595233917,0.11440728604793549,False,15.656624794006348,0.7464985847473145,0.3878849372267723,0.611037015914917,0.2877298593521118,0.23232689499855042,0.42044597864151,0.010989189147949219,0.01021432876586914,0.0002841949462890625,0.014557838439941406,0.018900394439697266,0.0063840411603450775,1466.0,0.9556616643929059,0.0,0.021828103683492497,0.0047748976807639835,0.0,0.017735334242837655,20.614013799666903,1.6089063699053547,4.836280822753906,0.13534285128116608,0.055214881896972656,1.0278221723491718,0.003486156463623047,0.00475678127259016,-0.001998626859858632,-8.224225166486576e-05,-0.00020306523947510868,0.006680488586425781,-9.298324584960938e-05,0.0,-0.00020301340555306524,0.008857340551912785,0.9501651261445798,0.928466796875,0.10000000149011612,0.10000000149011612,0.10000000149011612,0.10000000149011612,0.10000000149011612,,,,,,,,,,,,,,,,,,,,,,,,,,,,,,,,,,,,,,,,,115.52731972560287,nan,nan,1.0733308792114258
4,critic_warmup,critic_warmup,10485760,369.171813249588,165807.4501273863,3e-05,3e-05,0.0003,0.3535030484199524,0.0,1.0,0.0,0.0,nan,0.27331140637397766,nan,nan,nan,nan,0.0,0.04827713966369629,8,0.5666899681091309,0.12918105721473694,0.19071686267852783,0.11353587359189987,False,16.698345184326172,0.8653416633605957,0.4189750775694847,0.6756683588027954,0.3094659149646759,0.2437436282634735,0.447022408246994,0.00845324993133545,0.007063865661621094,0.00023555755615234375,0.011318683624267578,0.015194892883300781,0.004437390714883804,1092.0,0.9587912087912088,0.0,0.014652014652014652,0.0009157509157509158,0.0,0.02564102564102564,24.69917223814072,0.8375331892635359,6.239353656768799,0.11154104769229889,0.038784027099609375,0.9715217777183535,0.002842426300048828,0.003766650566831231,-0.00199898355640471,-4.24164863943588e-05,-8.613339741714299e-05,0.004992485046386719,-4.0531158447265625e-05,0.0,-0.00018546577484812587,0.006405601277947426,0.9530404870267896,0.928466796875,0.10000000149011612,0.10000000149011612,0.10000000149011612,0.10000000149011612,0.10000000149011612,,,,,,,,,,,,,,,,,,,,,,,,,,,,,,,,,,,,,,,,,115.52731972560287,nan,nan,1.076155424118042
5,critic_warmup,critic_warmup,12582912,544.6966423988342,168230.8892554806,3e-05,3e-05,0.0003,0.23581954836845398,0.0,1.0,0.0,0.0,nan,0.11918389797210693,nan,nan,nan,nan,0.0,0.036596380174160004,8,0.7456743121147156,0.09493663161993027,0.1916489601135254,0.1423327773809433,False,16.424654006958008,0.8929777145385742,0.41483401879668236,0.7026004791259766,0.30711281299591064,0.23774860799312592,0.4118741750717163,0.005238175392150879,0.004469871520996094,0.00014925003051757812,0.007625579833984375,0.008708000183105469,0.00494119618088007,504.0,0.9464285714285714,0.0,0.023809523809523808,0.011904761904761904,0.0,0.017857142857142856,28.53633822501747,2.097348894391741,8.504384994506836,0.12350562959909439,0.015808582305908203,1.052739029084849,0.0011339187622070312,0.004357834812253714,-0.0019995279144495726,-6.334554927889258e-05,-9.871582733467221e-05,0.0022745132446289062,-4.291534423828125e-05,0.0,-7.643699791515246e-05,0.004351407289505005,0.9513875081272349,0.928466796875,0.10000000149011612,0.10000000149011612,0.10000000149011612,0.10000000149011612,0.10000000149011612,0.919677734375,0.0504150390625,0.0,0.025146484375,0.0047607421875,0.0,0.0,8192.0,1.9546613693237305,0.057489013671875006,4.945156002044679,2.251157283782959,0.7370128631591797,3.8190402984619154,12.831306457519531,8.953874588012695,0.6500244140625,22.87871742248535,0.9124537607891492,0.0345252774352651,0.9394124847001224,0.013769889840881273,0.903694730466384,0.043609933373712904,0.919677734375,161.71362900733948,0.0010986328125,0.48388671875,0.0,0.0,0.0,0.5150146484375,0.0,0.0006101281269066504,0.0,0.0006009615384615385,0.0,0.0018604651162790699,0.0,0.0010986328125,115.52731972560287,0.919677734375,nan,1.0731995105743408
6,critic_warmup,critic_warmup,14680064,559.0509495735168,161257.94944074095,3e-05,3e-05,0.0003,0.3758262097835541,0.0,1.0,0.0,0.0,nan,0.3509409427642822,nan,nan,nan,nan,0.0,0.09787232428789139,8,0.7949464321136475,0.24806608259677887,0.8053476214408875,0.707789421081543,False,11.459084510803223,0.6055078506469727,0.3228779658675194,0.5494419932365417,0.22911982238292694,0.20312906801700592,0.3098209798336029,0.010579943656921387,0.008851051330566406,0.0004525184631347656,0.01151132583618164,0.021504878997802734,0.009278499521315098,1856.0,0.947198275862069,0.0,0.029633620689655173,0.004849137931034483,0.0,0.018318965517241378,12.183304891922639,1.7739480117271686,7.267268657684326,0.18248514831066132,0.0676717758178711,0.9955429808058175,0.0042324066162109375,0.008130437694489956,-0.0019982627127319574,-0.00016612048784736544,-0.00030560445156879723,0.008382797241210938,-0.000152587890625,0.0,-0.000263786205323413,0.013626868836581707,0.9505496616742019,0.928466796875,0.10000000149011612,0.10000000149011612,0.10000000149011612,0.10000000149011612,0.10000000149011612,,,,,,,,,,,,,,,,,,,,,,,,,,,,,,,,,,,,,,,,,115.52731972560287,nan,nan,1.0819098949432373
7,critic_warmup,critic_warmup,16777216,573.3916659355164,161629.60725795256,3e-05,3e-05,0.0003,0.45965880155563354,0.0,1.0,0.0,0.0,nan,0.26889482140541077,nan,nan,nan,nan,0.0,0.0855063945055008,8,0.8683701157569885,0.20153488218784332,0.7008640170097351,0.6287176609039307,False,14.146849632263184,0.661130428314209,0.35724665224552155,0.574886679649353,0.2620236873626709,0.2245604693889618,0.36751577258110046,0.012768387794494629,0.012179374694824219,0.0004506111145019531,0.014966964721679688,0.023476600646972656,0.008581101894378662,1707.0,0.958406561218512,0.0,0.01816051552431166,0.004100761570005858,0.0,0.019332161687170474,16.34674001629992,1.1779368958699472,5.292867660522461,0.1570800393819809,0.06342887878417969,1.0233404751165238,0.004333019256591797,0.006400933023542166,-0.001998404273763299,-0.00012867525219917297,-0.00029218129930086434,0.007801055908203125,-9.059906005859375e-05,0.0,-0.00025846954667940736,0.011433661915361881,0.9518591449315869,0.928466796875,0.10000000149011612,0.10000000149011612,0.10000000149011612,0.10000000149011612,0.10000000149011612,,,,,,,,,,,,,,,,,,,,,,,,,,,,,,,,,,,,,,,,,115.52731972560287,nan,nan,1.0789282321929932
8,critic_warmup,critic_warmup,18874368,587.6131443977356,162825.09552837702,3e-05,3e-05,0.0003,0.4364657998085022,0.0,1.0,0.0,0.0,nan,0.19784046709537506,nan,nan,nan,nan,0.0,0.06564467400312424,8,0.9055652618408203,0.14515820145606995,0.5489494800567627,0.49936798214912415,False,15.849529266357422,0.7530407905578613,0.38971707224845886,0.6145851016044617,0.2888588607311249,0.23358508944511414,0.42183923721313477,0.011136531829833984,0.010919570922851562,0.00025844573974609375,0.014118671417236328,0.019249439239501953,0.006335999816656113,1471.0,0.9619306594153637,0.0,0.01563562202583277,0.002719238613188307,0.0,0.01971447994561523,20.59024734982332,1.1513236205971702,4.823000907897949,0.13406111299991608,0.05351591110229492,1.017831386827169,0.0034813880920410156,0.004689109977334738,-0.001998624997213483,-7.989793084561825e-05,-0.00020516377117019147,0.006747245788574219,-6.437301635742188e-05,0.0,-0.00022439959866460413,0.00886388961225748,0.9532979327149835,0.928466796875,0.10000000149011612,0.10000000149011612,0.10000000149011612,0.10000000149011612,0.10000000149011612,,,,,,,,,,,,,,,,,,,,,,,,,,,,,,,,,,,,,,,,,115.52731972560287,nan,nan,1.0781428813934326
9,critic_warmup,critic_warmup,20971520,601.6589741706848,164782.89282054,3e-05,3e-05,0.0003,0.3454156517982483,0.0,1.0,0.0,0.0,nan,0.12268941849470139,nan,nan,nan,nan,0.0,0.0505073145031929,8,0.9247051477432251,0.09025028347969055,0.396983802318573,0.36501482129096985,False,16.629281997680664,0.8681941032409668,0.41840408742427826,0.6782493591308594,0.30967050790786743,0.24325335025787354,0.4424431324005127,0.00915062427520752,0.010341644287109375,0.00019073486328125,0.011490345001220703,0.01457977294921875,0.0043937526643276215,1054.0,0.9601518026565465,0.0,0.016129032258064516,0.0,0.0,0.023719165085388995,24.776844532279316,1.6491951698143976,6.305430889129639,0.11247679591178894,0.0367584228515625,0.9950395570646534,0.00252532958984375,0.0037659816443920135,-0.0019990175496786833,-4.28999810537789e-05,-8.286769298138097e-05,0.004825592041015625,-4.0531158447265625e-05,0.0,-0.00017902850231621414,0.006247226148843765,0.9541546664576789,0.928466796875,0.10000000149011612,0.10000000149011612,0.10000000149011612,0.10000000149011612,0.10000000149011612,,,,,,,,,,,,,,,,,,,,,,,,,,,,,,,,,,,,,,,,,115.52731972560287,nan,nan,1.07297682762146
10,head_only,head_only,23068672,897.9188287258148,167152.74019102566,3e-05,9.999999999999999e-06,0.0003,0.22948719561100006,0.25,1.0,0.25,0.0,-0.1924210488796234,0.06056217476725578,-3.5345675945281982,0.0022674936335533857,0.011673927307128906,0.07426279038190842,3.3790557384490967,0.03435676544904709,5,0.9374423027038574,0.06315107643604279,0.3550666570663452,0.3347814679145813,False,16.691164016723633,0.8901538848876953,0.4117457792162895,0.7031590342521667,0.3018573820590973,0.23604989051818848,0.40591681003570557,0.00592803955078125,0.006695270538330078,8.106231689453125e-05,0.008475780487060547,0.008460044860839844,0.004976632073521614,456.0,0.9495614035087719,0.0,0.021929824561403508,0.0,0.0,0.02850877192982456,28.41370284834488,1.057106888085081,8.578924179077148,0.1259114295244217,0.015248298645019531,1.0664449729110639,0.0014624595642089844,0.004380705766379833,-0.0019995770417153835,-6.680819933535531e-05,-7.03611658536829e-05,0.0020647048950195312,-2.384185791015625e-05,0.0,-0.0001005173398880288,0.004184303805232048,0.9541546664576789,0.9339599609375,0.09999806992709637,0.10000438988208771,0.09999098628759384,0.09997649490833282,0.1000204086303711,0.9339599609375,0.0369873046875,0.0,0.0250244140625,0.0040283203125,0.0,0.0,8192.0,1.9802374839782715,0.07516460418701174,4.957758712768556,2.220855951309204,0.7588561058044434,3.7539968967437742,12.823993682861328,8.963603973388672,0.664306640625,22.92559051513672,0.9266581632653061,0.036989795918367346,0.9497122084216904,0.015146925174189639,0.9217574480890761,0.03912127595546193,0.9339599609375,282.1090235710144,0.0010986328125,0.474365234375,0.0,0.0,0.0,0.5245361328125,0.0,0.0006195786864931846,0.0,0.0009115770282588879,0.0,0.0015211439002129601,0.0,0.0010986328125,115.52737096324563,0.9339599609375,0.9339599609375,1.3090522289276123
11,head_only,head_only,25165824,912.4551045894623,160903.5333374199,3e-05,1.9982929958633398e-05,0.0003,0.3746671676635742,0.24666666666666667,1.0,0.24666666666666667,0.0,-0.08167754113674164,0.1977684050798416,-3.5352351665496826,0.004925156012177467,0.05310068279504776,0.09939021617174149,0.9944076538085938,0.07692216336727142,5,0.9365906119346619,0.17696541547775269,1.086329460144043,1.0498727560043335,False,11.486359596252441,0.6062583923339844,0.32359491661190987,0.5471004843711853,0.23239494860172272,0.20157521963119507,0.3133090138435364,0.010480642318725586,0.008270740509033203,0.0002646446228027344,0.011728763580322266,0.02165842056274414,0.009359298273921013,1813.0,0.9498069498069498,0.0,0.03088803088803089,0.001654715940430226,0.0,0.01765030336458908,12.144638017808749,1.6247383534283646,7.272068023681641,0.1829472929239273,0.06574487686157227,1.009784536217063,0.003742694854736328,0.0080183120444417,-0.0019983029924333096,-0.00016555972979404032,-0.0003364741860423237,0.008211135864257812,-0.00014066696166992188,0.0,-0.00024876598035916686,0.013339676894247532,0.9541546664576789,0.9339599609375,0.09996419586241245,0.09993299841880798,0.09997300803661346,0.10003218799829483,0.09991858899593353,,,,,,,,,,,,,,,,,,,,,,,,,,,,,,,,,,,,,,,,,115.52559557184577,nan,0.9339599609375,1.263141393661499
12,head_only,head_only,27262976,926.9913036823273,161357.3698888906,3e-05,2.9897676880571137e-05,0.0003,0.46019309759140015,0.24333333333333335,1.0,0.24333333333333335,0.0,-0.11620371043682098,0.16643866896629333,-3.5367636680603027,0.007892107591032982,0.09908132255077362,0.13070182502269745,1.2043910026550293,0.07336489856243134,5,0.9529134631156921,0.15067073702812195,0.9321917295455933,0.8995305299758911,False,14.086545944213867,0.6572709083557129,0.35537467151880264,0.5699917078018188,0.26075828075408936,0.22277206182479858,0.3679766356945038,0.010906815528869629,0.009014606475830078,0.0002193450927734375,0.014562606811523438,0.019830703735351562,0.008582716807723045,1762.0,0.9591373439273553,0.0,0.024971623155505107,0.003972758229284903,0.0,0.01191827468785471,16.396923076923077,1.5740620399847474,5.266411304473877,0.15715225040912628,0.06464719772338867,1.0366530287663656,0.0029478073120117188,0.006416860036551952,-0.0019983407109975815,-0.00013084386591799557,-0.0002692539419513196,0.008058547973632812,-0.00012159347534179688,0.0,-0.00017511840269435197,0.01178025919944048,0.9541546664576789,0.9339599609375,0.09992142580449581,0.09990334510803223,0.09997396916151047,0.10003168880939484,0.09977670013904572,,,,,,,,,,,,,,,,,,,,,,,,,,,,,,,,,,,,,,,,,115.5226114615798,nan,0.9339599609375,1.2612078189849854
13,head_only,head_only,29360128,941.3810200691223,162887.2240713957,3e-05,2.9770136845732674e-05,0.0003,0.43497875332832336,0.24,1.0,0.24,0.0,-0.15459467470645905,0.11121208965778351,-3.538511276245117,0.007008575834333897,0.08667945861816406,0.12716276943683624,1.5489203929901123,0.056897152215242386,5,0.9653543829917908,0.10705448687076569,0.7088823914527893,0.6883176565170288,False,16.288599014282227,0.7534151077270508,0.38740289956331253,0.6106162071228027,0.2820582985877991,0.23429694771766663,0.4226401448249817,0.009843111038208008,0.007964134216308594,0.00018310546875,0.013069629669189453,0.018155574798583984,0.006303335539996624,1447.0,0.9778852798894264,0.0,0.0165860400829302,0.000691085003455425,0.0,0.0048375950241879755,20.626984687868077,0.996772433941992,4.8187360763549805,0.13379880785942078,0.05222177505493164,1.067474113607933,0.0017828941345214844,0.004688899032771587,-0.001998627558350563,-8.017962682060897e-05,-0.00016743499145377427,0.006747245788574219,-5.9604644775390625e-05,0.0,-8.666516077937558e-05,0.009043633006513119,0.9541546664576789,0.9339599609375,0.09987759403884411,0.09982039034366608,0.09991441667079926,0.1000683531165123,0.0997072160243988,,,,,,,,,,,,,,,,,,,,,,,,,,,,,,,,,,,,,,,,,115.51982770115137,nan,0.9339599609375,1.245849370956421
14,head_only,head_only,31457280,956.0091290473938,163622.99410409117,3e-05,2.959225863647263e-05,0.0003,0.34472596645355225,0.23666666666666666,1.0,0.23666666666666666,0.0,-0.21205639839172363,0.06693209707736969,-3.539924144744873,0.003578564850613475,0.029247473925352097,0.10527265071868896,3.0615577697753906,0.036679115146398544,5,0.9704884886741638,0.06641677021980286,0.48712098598480225,0.47189265489578247,False,17.05697250366211,0.8684582710266113,0.41301853209733963,0.6705508232116699,0.29721930623054504,0.2424963414669037,0.44180765748023987,0.007964730262756348,0.005716800689697266,0.00010633468627929688,0.013356208801269531,0.012679576873779297,0.004372711759060621,1026.0,0.9746588693957114,0.0,0.018518518518518517,0.001949317738791423,0.0,0.004873294346978557,24.7426,1.4277042738410697,6.309912204742432,0.11320412158966064,0.03420114517211914,1.0387968368769607,0.0009632110595703125,0.0037189731374382973,-0.001999025233089924,-4.1423012589802966e-05,-7.18336523277685e-05,0.00476837158203125,-5.0067901611328125e-05,0.0,-5.4574011301156133e-05,0.006270419340580702,0.9541546664576789,0.9339599609375,0.099852304905653,0.09983940422534943,0.099931500852108,0.10002999007701874,0.09960832446813583,,,,,,,,,,,,,,,,,,,,,,,,,,,,,,,,,,,,,,,,,115.51875851675868,nan,0.9339599609375,1.2780797481536865
15,head_only,head_only,33554432,1135.2299938201904,166747.16781069065,3e-05,2.9364717005766617e-05,0.0003,0.22756671905517578,0.23333333333333334,1.0,0.23333333333333334,0.0,0.01624172180891037,0.04240858927369118,-3.540637493133545,0.0034445691853761673,0.02885293960571289,0.07112932950258255,3.5362629890441895,0.02583537995815277,5,0.9677591919898987,0.05144848674535751,0.4275246262550354,0.41981175541877747,False,16.700973510742188,0.8918557167053223,0.4065343290567398,0.6963065266609192,0.2922809422016144,0.23435863852500916,0.4031912088394165,0.004766702651977539,0.0026803016662597656,1.430511474609375e-06,0.008531570434570312,0.007853507995605469,0.004921946208924055,496.0,0.9556451612903226,0.0,0.02620967741935484,0.012096774193548387,0.0,0.006048387096774193,28.55900140646976,2.3490991900044103,8.586837768554688,0.12491149455308914,0.015766143798828125,1.0834556891558795,0.0005292892456054688,0.0043328385800123215,-0.001999529078602791,-6.455420952988788e-05,-8.722321945242584e-05,0.0022602081298828125,-4.5299530029296875e-05,0.0,-2.894401222874876e-05,0.004367497283965349,0.9541546664576789,0.945556640625,0.09984254464507103,0.09984083473682404,0.0999387875199318,0.10006768256425858,0.09952287375926971,0.945556640625,0.0218505859375,0.0,0.0274658203125,0.005126953125,0.0,0.0,8192.0,1.9360992908477783,0.06383285522460938,4.876710319519044,2.2455971240997314,0.7617181777954102,3.840721797943116,12.810848236083984,8.924427032470703,0.653076171875,22.892248153686523,0.9456928838951311,0.03620474406991261,0.9574468085106383,0.01641337386018237,0.9336363636363636,0.04696969696969697,0.945556640625,165.07450366020203,0.0010986328125,0.474365234375,0.0,0.0,0.0,0.5245361328125,0.0,0.0006195786864931846,0.0,0.0009115770282588879,0.0,0.0015211439002129601,0.0,0.0010986328125,115.51776338368654,0.945556640625,0.945556640625,1.253908634185791
16,head_only,head_only,35651584,1149.8209383487701,160524.40743985167,3e-05,2.90883750969588e-05,0.0003,0.375148206949234,0.22999999999999998,1.0,0.22999999999999998,0.0,-0.02175629884004593,0.14204253256320953,-3.541809558868408,0.004359451122581959,0.04303751140832901,0.09483881294727325,1.0306742191314697,0.09229648113250732,5,0.9661398530006409,0.15030784904956818,1.2698698043823242,1.2599849700927734,False,11.710139274597168,0.5972604751586914,0.31577572226524353,0.5347427725791931,0.2254914939403534,0.19367972016334534,0.3091889023780823,0.008749127388000488,0.004132747650146484,0.0002913475036621094,0.009228229522705078,0.02134418487548828,0.009329344145953655,1923.0,0.9620384815392615,0.0,0.02392095683827353,0.007280291211648466,0.0,0.006760270410816433,12.139351351351351,1.3867045306812273,7.2718634605407715,0.18288438022136688,0.07079553604125977,1.029176545272077,0.002173900604248047,0.008068772032856941,-0.0019981800578534603,-0.00016780263104010373,-0.00035825837403535843,0.008821487426757812,-0.0001430511474609375,0.0,-0.00011053084017476067,0.014112439937889576,0.9541546664576789,0.945556640625,0.09979385696351528,0.09971465915441513,0.09994188696146011,0.10005296766757965,0.09946591407060623,,,,,,,,,,,,,,,,,,,,,,,,,,,,,,,,,,,,,,,,,115.51543310284615,nan,0.945556640625,1.2729294300079346
17,head_only,head_only,37748736,1164.418089389801,160220.2677917571,3e-05,2.8764281169563568e-05,0.0003,0.46152451634407043,0.22666666666666666,1.0,0.22666666666666666,0.0,0.020186223089694977,0.12440335750579834,-3.5433831214904785,0.006001653615385294,0.07402916252613068,0.1259474754333496,1.1313728094100952,0.07346811145544052,5,0.9697229266166687,0.12887322902679443,1.0436432361602783,1.0442688465118408,False,13.813433647155762,0.6480536460876465,0.3455207012593746,0.5531138777732849,0.2533913850784302,0.21113251149654388,0.3644450306892395,0.00948488712310791,0.003334522247314453,0.000164031982421875,0.013673782348632812,0.0207672119140625,0.008749352768063545,1629.0,0.9515039901780233,0.0,0.03314917127071823,0.00798035604665439,0.0,0.007366482504604052,16.336752688172044,2.385682238911909,5.281938076019287,0.15923663973808289,0.06501436233520508,1.048543561370054,0.0023598670959472656,0.006323279347270727,-0.001998458756133914,-0.00014104574802331626,-0.00037175408215261996,0.0073909759521484375,-0.00015974044799804688,0.0,-0.00012910358782391995,0.01091415248811245,0.9541546664576789,0.945556640625,0.09976230561733246,0.09967551380395889,0.09991893917322159,0.10008236020803452,0.09937240928411484,,,,,,,,,,,,,,,,,,,,,,,,,,,,,,,,,,,,,,,,,115.51286034286022,nan,0.945556640625,1.2614154815673828
18,full,full,39845888,1178.7491586208344,162769.97485693105,9.464554874286029e-06,2.839366462285809e-05,0.0003,0.4386672079563141,0.22333333333333333,1.0,0.22333333333333333,0.0,0.07940129935741425,0.11752401292324066,-3.544581413269043,0.01183842308819294,0.13698387145996094,0.12083294987678528,2.550771713256836,0.07522769272327423,4,0.9676193594932556,0.10549519956111908,0.8257783055305481,0.8338892459869385,True,15.441190719604492,0.7417049407958984,0.37363237142562866,0.5866031646728516,0.2728021740913391,0.22038543224334717,0.4147387146949768,0.009146571159362793,0.0024576187133789062,0.00030040740966796875,0.014244556427001953,0.019583702087402344,0.006267894059419632,1503.0,0.9514304723885563,0.0,0.021290751829673986,0.00332667997338656,0.0,0.023952095808383235,20.581783216783215,1.7625528565265303,4.7473320960998535,0.13517014682292938,0.06109142303466797,0.9747377661608829,0.0032520294189453125,0.004604899790138006,-0.0019986003171652555,-8.212579268729314e-05,-0.00021172454580664635,0.0068187713623046875,-8.821487426757812e-05,0.0,-0.00024745461996644735,0.008795549161732197,0.9541546664576789,0.945556640625,0.09974182210862637,0.09965626895427704,0.09987995028495789,0.10006214678287506,0.09936892241239548,,,,,,,,,,,,,,,,,,,,,,,,,,,,,,,,,,,,,,,,,115.51191749423742,nan,0.945556640625,1.184809684753418
19,full,full,41943040,1192.939712524414,164364.6427701017,1.8651954221566527e-05,2.7977931332349792e-05,0.0003,0.35294103622436523,0.22,1.0,0.22,0.0,0.22288557887077332,0.08435381203889847,-3.5452382564544678,0.010561699979007244,0.0994797945022583,0.09987261891365051,4.694212436676025,0.05056808888912201,4,0.9644947648048401,0.07090987265110016,0.5738580822944641,0.5822876691818237,True,16.222997665405273,0.8589363098144531,0.39852436631917953,0.6485353112220764,0.28285661339759827,0.22914275527000427,0.4335627853870392,0.006595969200134277,0.0018992424011230469,5.245208740234375e-05,0.010411262512207031,0.014020919799804688,0.004392538219690323,1039.0,0.9451395572666025,0.0,0.012512030798845043,0.0038498556304138597,0.0,0.03849855630413859,24.75062797012899,1.848026573026949,6.217530250549316,0.11220225691795349,0.0440526008605957,0.8976359967797802,0.0031366348266601562,0.0037612358573824167,-0.0019990461878478527,-4.3872740207007155e-05,-7.663605356356129e-05,0.0046825408935546875,-4.0531158447265625e-05,0.0,-0.00026700523449108005,0.0060166846960783005,0.9541546664576789,0.945556640625,0.09972638078033924,0.09965329617261887,0.09985139966011047,0.10003936290740967,0.09936146438121796,,,,,,,,,,,,,,,,,,,,,,,,,,,,,,,,,,,,,,,,,115.51120363920927,nan,0.945556640625,1.174332618713379
20,full,full,44040192,1532.2044315338135,164412.64637277313,2.7518658316808997e-05,2.7518658316808997e-05,0.0003,0.24007955193519592,0.21666666666666667,2.0,0.21666666666666667,0.0,0.2929604649543762,0.05961472913622856,-3.5451881885528564,0.007871845737099648,0.08964738994836807,0.06948350369930267,5.505770206451416,0.0369214229285717,5,0.9534499049186707,0.053922608494758606,0.47840672731399536,0.48520034551620483,False,14.943551063537598,0.886775016784668,0.39392152801156044,0.6781947612762451,0.279522180557251,0.22407351434230804,0.3938956558704376,0.0040389299392700195,0.0009126663208007812,0.00027561187744140625,0.005509376525878906,0.009458065032958984,0.0048917848616838455,531.0,0.8813559322033898,0.0,0.022598870056497175,0.003766478342749529,0.0,0.09227871939736347,28.52742165242165,1.3761338056144068,8.47365665435791,0.12312515079975128,0.02156352996826172,0.8768084394763611,0.002532482147216797,0.004313796292990446,-0.0019995393231511116,-6.282562389969826e-05,-7.259932317538187e-05,0.002231597900390625,-3.337860107421875e-05,0.0,-0.0002764466335065663,0.004100603982806206,0.9541546664576789,0.945556640625,0.09974483773112297,0.09968411922454834,0.09986690431833267,0.10006643831729889,0.09936188906431198,0.8848876953125,0.080322265625,0.0,0.029052734375,0.0057373046875,0.0,0.0,8192.0,1.9433603286743164,0.05818309783935548,5.03525505065918,2.25439715385437,0.7365474700927734,3.8176613807678224,12.790624618530273,8.909045219421387,0.642333984375,22.897380828857422,0.8896839594514013,0.0381633870005963,0.9024160652651396,0.015061186068402886,0.8656850961538461,0.05198317307692308,0.8848876953125,324.7924177646637,0.001220703125,0.4697265625,0.0,0.0,0.0,0.529052734375,0.0,0.0005934718100890207,0.0,0.0015229972586049345,0.0,0.0012406947890818859,0.0,0.001220703125,115.5121229365468,0.8848876953125,0.945556640625,1.46085786819458
21,full,full,46137344,1546.1118404865265,161827.14347145503,2.701758775609655e-05,2.701758775609655e-05,0.0003,0.36912649869918823,0.21333333333333332,2.0,0.42666666666666664,0.0,0.05327166989445686,0.17732228338718414,-3.545034646987915,0.027802323922514915,0.148118257522583,0.0834747925400734,1.7315562963485718,0.10442342609167099,2,0.956703782081604,0.15340763330459595,1.3218729496002197,1.3388025760650635,True,10.790452003479004,0.5788750648498535,0.30122190341353416,0.5190286040306091,0.20973026752471924,0.18320481479167938,0.2929239273071289,0.007485747337341309,0.0011754035949707031,0.0002803802490234375,0.007806301116943359,0.020680904388427734,0.009522014297544956,1794.0,0.9308807134894092,0.0,0.027313266443701228,0.004459308807134894,0.0,0.037346711259754736,12.081247504990019,1.5857554151860367,7.414678573608398,0.18442362546920776,0.0813899040222168,0.9280647837855256,0.0051136016845703125,0.008117955178022385,-0.0019983542151749134,-0.00017638862482272089,-0.00036204082425683737,0.007963180541992188,-0.00013589859008789062,0.0,-0.0004377839504741132,0.01297067292034626,0.9541546664576789,0.945556640625,0.09973303228616714,0.09967760741710663,0.09984105080366135,0.1000615805387497,0.09935189038515091,,,,,,,,,,,,,,,,,,,,,,,,,,,,,,,,,,,,,,,,,115.51244697719812,nan,0.945556640625,0.6240839958190918
22,full,full,48234496,1559.7217869758606,161271.7832808839,2.6476620382478898e-05,2.6476620382478898e-05,0.0003,0.46957236528396606,0.21,2.0,0.42,0.0,0.0814971849322319,0.16901980340480804,-3.5453102588653564,0.020499443635344505,0.16412687301635742,0.1137535348534584,1.7133268117904663,0.22740887105464935,1,0.9602506160736084,0.14022591710090637,1.114595890045166,1.1322431564331055,True,12.973862648010254,0.6179366111755371,0.321137011051178,0.5321770906448364,0.2187214493751526,0.192735493183136,0.3409140110015869,0.007539033889770508,0.0005202293395996094,8.20159912109375e-05,0.008881092071533203,0.02067279815673828,0.00884159468114376,1716.0,0.9207459207459208,0.0,0.02564102564102564,0.004079254079254079,0.0,0.049533799533799536,16.362605485232066,1.7089052711611306,5.1972270011901855,0.16180282831192017,0.08032655715942383,0.9320342134788107,0.005692958831787109,0.006480785086750984,-0.0019984457176178694,-0.00014235146227292717,-0.0003204071836080402,0.007534027099609375,-0.00012159347534179688,0.0,-0.0005106925964355469,0.010921319015324116,0.9541546664576789,0.945556640625,0.09973153099417686,0.09967280179262161,0.09984657913446426,0.10005217790603638,0.0993545651435852,,,,,,,,,,,,,,,,,,,,,,,,,,,,,,,,,,,,,,,,,115.51224741339684,nan,0.945556640625,0.3505971431732178
23,full,full,50331648,1573.5492978096008,162509.45162245847,2.5897808270499514e-05,2.5897808270499514e-05,0.0003,0.46108877658843994,0.20666666666666667,2.0,0.41333333333333333,0.0,0.10415371507406235,0.150868758559227,-3.5454111099243164,0.04117188602685928,0.2509121894836426,0.11294382065534592,2.3997325897216797,0.09128037840127945,2,0.9594590067863464,0.11217419803142548,0.8490055203437805,0.865493893623352,True,14.604429244995117,0.7240066528320312,0.35058339312672615,0.574134111404419,0.23339450359344482,0.20334242284297943,0.3914625346660614,0.006263375282287598,4.1484832763671875e-05,0.00024127960205078125,0.007755279541015625,0.017015457153320312,0.006270095705986023,1602.0,0.9176029962546817,0.0,0.02184769038701623,0.00686641697877653,0.0,0.05368289637952559,20.61219954648526,2.3642427251580056,4.510919570922852,0.1327524483203888,0.07302331924438477,0.9027202667802875,0.005136013031005859,0.004601798951625824,-0.0019985544495284557,-8.25460665510036e-05,-0.00021134452254045755,0.0070095062255859375,-0.00010967254638671875,0.0,-0.0005038975505158305,0.008705290034413338,0.9541546664576789,0.945556640625,0.09972852654755116,0.0996687188744545,0.09984932839870453,0.10004525631666183,0.09935080260038376,,,,,,,,,,,,,,,,,,,,,,,,,,,,,,,,,,,,,,,,,115.51175176352262,nan,0.945556640625,0.628119945526123
24,full,full,52428800,1587.171718597412,164878.22153629074,2.528334705275727e-05,2.528334705275727e-05,0.0003,0.37550467252731323,0.20333333333333334,2.0,0.4066666666666667,0.0,0.17648333311080933,0.09347287565469742,-3.545544147491455,0.015149211511015892,0.15377116203308105,0.09643987566232681,4.646108150482178,0.05556732043623924,2,0.9611580967903137,0.06999967992305756,0.5528111457824707,0.562769889831543,True,15.5853271484375,0.8566789627075195,0.37985890731215477,0.6430834531784058,0.24962107837200165,0.2146330177783966,0.41209807991981506,0.005000591278076172,0.0,4.7206878662109375e-05,0.005126476287841797,0.014828681945800781,0.004328821785748005,1111.0,0.9198919891989199,0.0,0.016201620162016202,0.0036003600360036,0.0,0.06030603060306031,24.77270058708415,1.8945209218187444,5.896778583526611,0.10889783501625061,0.04833364486694336,0.8643615643775342,0.0043735504150390625,0.0035324383061379194,-0.0019990031141787767,-3.995488441432826e-05,-8.4639985288959e-05,0.0048732757568359375,-5.245208740234375e-05,0.0,-0.00041868691914714873,0.005810974165797234,0.9541546664576789,0.945556640625,0.09972418285906315,0.09966135025024414,0.0998426228761673,0.10005538165569305,0.0993373766541481,,,,,,,,,,,,,,,,,,,,,,,,,,,,,,,,,,,,,,,,,115.5114388614893,nan,0.945556640625,0.6210930347442627
25,full,full,54525952,1767.933849811554,166095.1717952383,2.4635567591119962e-05,2.4635567591119962e-05,0.0003,0.24881432950496674,0.2,1.8,0.4,0.0,0.2561672329902649,0.05359817296266556,-3.5459353923797607,0.00878426618874073,0.10121307522058487,0.06671059131622314,6.152730941772461,0.03380943462252617,5,0.9571853280067444,0.04834093898534775,0.4451010227203369,0.4528712034225464,False,14.569589614868164,0.8968472480773926,0.38066087663173676,0.676439106464386,0.2534875273704529,0.21256095170974731,0.38015592098236084,0.0030777454376220703,0.0,3.814697265625e-06,0.0032091140747070312,0.009098052978515625,0.004700057208538055,522.0,0.8659003831417624,0.0,0.02681992337164751,0.0038314176245210726,0.0,0.10344827586206896,28.620907079646017,1.7110097600125718,8.25196361541748,0.11877743154764175,0.020915508270263672,0.8579958834895014,0.0024423599243164062,0.004058897495269775,-0.001999553060159087,-5.717723615816794e-05,-5.975023304927163e-05,0.002155303955078125,-3.814697265625e-05,0.0,-0.00028293122886680067,0.0037766413297504187,0.9541546664576789,0.945556640625,0.09970696270465851,0.09963851422071457,0.09982316941022873,0.10002432018518448,0.09934184700250626,0.901123046875,0.064697265625,0.0,0.0283203125,0.005859375,0.0,0.0,8192.0,1.9517357349395752,0.06815910339355469,4.92362289428711,2.2393710613250732,0.7800313949584962,3.775417184829712,12.820289611816406,8.967428207397461,0.6534423828125,22.851200103759766,0.9132530120481928,0.02650602409638554,0.915053091817614,0.017801374141161775,0.8816816816816817,0.053753753753753755,0.901123046875,166.3714096546173,0.001220703125,0.4697265625,0.0,0.0,0.0,0.529052734375,0.0,0.0005934718100890207,0.0,0.0015229972586049345,0.0,0.0012406947890818859,0.0,0.001220703125,115.50991774350405,0.901123046875,0.945556640625,1.4598474502563477
26,full,full,56623104,1781.955727815628,160303.87983969855,2.395692713496683e-05,2.395692713496683e-05,0.0003,0.360133558511734,0.19666666666666666,1.8,0.354,0.0,0.011510188691318035,0.16790635883808136,-3.5466787815093994,0.010984916239976883,0.0874485969543457,0.07416317611932755,1.5213063955307007,0.10294138640165329,2,0.9585447311401367,0.14614956080913544,1.2829437255859375,1.2907521724700928,True,10.967611312866211,0.5776476860046387,0.28826745599508286,0.5094959139823914,0.191290482878685,0.17430423200130463,0.27797919511795044,0.005892276763916016,0.0,3.4809112548828125e-05,0.0038657188415527344,0.0196685791015625,0.009457013569772243,1753.0,0.9401026811180833,0.0,0.03137478608100399,0.007986309184255563,0.0,0.02053622361665716,12.116444174757282,2.3461735796669996,7.4997358322143555,0.18568961322307587,0.0775303840637207,0.9832216216257772,0.0038781166076660156,0.008075868710875511,-0.001998363761231303,-0.0001742927124723792,-0.00036175522836856544,0.0078582763671875,-0.00016450881958007812,0.0,-0.00027625562506727874,0.012958974577486515,0.9541546664576789,0.945556640625,0.09968787804245949,0.09962157905101776,0.09980139881372452,0.09999530017375946,0.09933323413133621,,,,,,,,,,,,,,,,,,,,,,,,,,,,,,,,,,,,,,,,,115.50979305058718,nan,0.945556640625,0.6363742351531982
27,full,full,58720256,1795.8093235492706,161488.55888256532,2.3250000000000003e-05,2.3250000000000003e-05,0.0003,0.46439746022224426,0.19333333333333333,1.8,0.348,0.0,0.01678888499736786,0.17056149244308472,-3.547356367111206,0.018775656819343567,0.15428495407104492,0.10273963212966919,1.8463244438171387,0.12274414300918579,2,0.958886981010437,0.13391625881195068,1.088639259338379,1.0922856330871582,True,13.317509651184082,0.6187710762023926,0.30690810084342957,0.5224920511245728,0.19451719522476196,0.18509483337402344,0.3255283236503601,0.005970478057861328,0.0,2.8133392333984375e-05,0.004041194915771484,0.019812583923339844,0.00883103720843792,1756.0,0.9384965831435079,0.0,0.03189066059225513,0.0056947608200455585,0.0,0.023917995444191344,16.366879045307442,2.12141560965084,5.276909828186035,0.16206300258636475,0.07623100280761719,0.9812257221582806,0.003857135772705078,0.006440045777708292,-0.001998365856707096,-0.00014391074364539236,-0.00035135148209519684,0.0078582763671875,-0.00015735626220703125,0.0,-0.0002995016402564943,0.011347840540111065,0.9541546664576789,0.945556640625,0.09967515990138054,0.09962283819913864,0.0997876524925232,0.09996803104877472,0.0993221178650856,,,,,,,,,,,,,,,,,,,,,,,,,,,,,,,,,,,,,,,,,115.50913667678833,nan,0.945556640625,0.6241517066955566
28,full,full,60817408,1809.5852324962616,162820.74031838152,2.251746780298327e-05,2.251746780298327e-05,0.0003,0.45737653970718384,0.19,1.8,0.342,0.0,0.00213586981408298,0.13506239652633667,-3.5477488040924072,0.01533917523920536,0.1493082046508789,0.10408695042133331,2.581331729888916,0.07720661908388138,2,0.9631916284561157,0.10279982537031174,0.817900538444519,0.8176480531692505,True,15.431530952453613,0.7239346504211426,0.3332292400300503,0.5603199005126953,0.2029353678226471,0.1915058046579361,0.3781558871269226,0.0052947998046875,0.0,2.574920654296875e-05,0.0030035972595214844,0.018149852752685547,0.006482498720288277,1602.0,0.9519350811485643,0.0,0.026217228464419477,0.0012484394506866417,0.0,0.020599250936329586,20.582043715846993,2.062067496196161,4.584123134613037,0.13457909226417542,0.06536197662353516,0.9720958205057122,0.0030694007873535156,0.004650686401873827,-0.0019985034596174955,-8.558454283047467e-05,-0.00018489918147679418,0.007271766662597656,-0.0001049041748046875,0.0,-0.00022449504467658699,0.009324067272245884,0.9541546664576789,0.945556640625,0.09966856800019741,0.09960951656103134,0.09979621320962906,0.09995017945766449,0.09931836277246475,,,,,,,,,,,,,,,,,,,,,,,,,,,,,,,,,,,,,,,,,115.50908590108156,nan,0.945556640625,0.6301801204681396
29,full,full,62914560,1823.4404428005219,165550.37138070128,2.176210928945117e-05,2.176210928945117e-05,0.0003,0.3718453645706177,0.18666666666666665,1.8,0.33599999999999997,0.0,0.0664118081331253,0.08876559883356094,-3.5478641986846924,0.011279851198196411,0.12947559356689453,0.08786588162183762,4.394491195678711,0.0489150695502758,3,0.9642918705940247,0.06660981476306915,0.560362696647644,0.5621140599250793,True,16.246084213256836,0.8499784469604492,0.3602011352777481,0.621468722820282,0.220730260014534,0.20050589740276337,0.3980996608734131,0.003707289695739746,0.0,1.52587890625e-05,0.0016450881958007812,0.013168811798095703,0.0044092461466789246,1085.0,0.9520737327188941,0.0,0.01935483870967742,0.004608294930875576,0.0,0.023963133640552997,24.80327525008067,2.1704812608006914,5.897503852844238,0.11144330352544785,0.04435396194458008,0.9469964999677478,0.0025849342346191406,0.0036040842533111572,-0.00199898867867887,-4.409402026794851e-05,-8.638313738629222e-05,0.004925727844238281,-6.198883056640625e-05,0.0,-0.00018222331709694117,0.006156133487820625,0.9541546664576789,0.945556640625,0.09967075474560261,0.09961991757154465,0.09979499876499176,0.09994927793741226,0.09931882470846176,,,,,,,,,,,,,,,,,,,,,,,,,,,,,,,,,,,,,,,,,115.51019524782896,nan,0.945556640625,0.9087865352630615
30,full,full,65011712,2135.6110384464264,165452.12290562605,2.0986789792975403e-05,2.0986789792975403e-05,0.0003,0.25057974457740784,0.18333333333333335,1.62,0.33,0.0,0.04713734611868858,0.048218984156847,-3.547579288482666,0.004909827373921871,0.051445771008729935,0.06105275824666023,6.1544880867004395,0.03152704983949661,5,0.9649612903594971,0.04607582837343216,0.4547485411167145,0.455249547958374,False,15.865790367126465,0.8933358192443848,0.364316463470459,0.6544673442840576,0.23403054475784302,0.2011725902557373,0.367595374584198,0.0022658109664916992,0.0,2.86102294921875e-06,0.0008068084716796875,0.00825357437133789,0.0047163404524326324,571.0,0.9281961471103327,0.0,0.03327495621716287,0.0070052539404553416,0.0,0.03152364273204904,28.722735849056605,1.8501838109539186,8.184622764587402,0.12019700556993484,0.01993274688720703,0.9572742108631166,0.0013570785522460938,0.004138925112783909,-0.001999471802264452,-5.968998812022619e-05,-7.58833994041197e-05,0.0025272369384765625,-5.4836273193359375e-05,0.0,-0.00011606217594817281,0.004360216669738293,0.9541546664576789,0.9466552734375,0.0996785145252943,0.09960947185754776,0.0997985228896141,0.09995152056217194,0.09935454279184341,0.9466552734375,0.0150146484375,0.0,0.0311279296875,0.0072021484375,0.0,0.0,8192.0,1.9715381860733032,0.0657461166381836,5.07241430282593,2.253854274749756,0.7902805328369141,3.856535005569458,12.807670593261719,8.885797500610352,0.6552734375,22.880760192871094,0.9476309226932669,0.03428927680798005,0.9643734643734644,0.016584766584766583,0.9288715486194478,0.061524609843937574,0.9466552734375,297.78418135643005,0.0003662109375,0.4903564453125,0.0,0.0,0.0,0.50927734375,0.0,0.0,0.0,0.0006193868070610096,0.0,0.00029877502240812666,0.0,0.0003662109375,115.51101878285408,0.9466552734375,0.9466552734375,1.4536402225494385
31,full,full,67108864,2150.1935017108917,159947.9804009426,2.0194450365973122e-05,2.0194450365973122e-05,0.0003,0.36673682928085327,0.18,1.62,0.2916,0.0,0.036641594022512436,0.16201040148735046,-3.5477616786956787,0.01112673431634903,0.0957183837890625,0.06746727228164673,1.5822938680648804,0.10436221957206726,4,0.9607256650924683,0.14512287080287933,1.3140347003936768,1.3274414539337158,True,10.999911308288574,0.5670113563537598,0.27474870532751083,0.49342066049575806,0.17985907196998596,0.1633005440235138,0.2624145448207855,0.004392027854919434,0.0,4.673004150390625e-05,0.0009665489196777344,0.016554832458496094,0.009427636861801147,1798.0,0.946607341490545,0.0,0.028921023359288096,0.008342602892102336,0.0,0.016129032258064516,12.168321582452018,2.301081062291435,7.38976526260376,0.18594242632389069,0.0832071304321289,0.9272466589874956,0.004508018493652344,0.007907683961093426,-0.0019983137026429176,-0.00016915606101974845,-0.00037869723746553063,0.008115768432617188,-0.00015974044799804688,0.0,-0.00027086707996204495,0.013046672567725182,0.9541546664576789,0.9466552734375,0.09965989552438259,0.09958451241254807,0.09977509081363678,0.09993185102939606,0.09934812784194946,,,,,,,,,,,,,,,,,,,,,,,,,,,,,,,,,,,,,,,,,115.51012582331896,nan,0.9466552734375,1.2079694271087646
32,full,full,69206016,2164.1417303085327,161227.88624572777,1.9388096623287714e-05,1.9388096623287714e-05,0.0003,0.4681512415409088,0.17666666666666667,1.62,0.2862,0.0,0.045071493834257126,0.14984117448329926,-3.548480749130249,0.009518587030470371,0.09452128410339355,0.09511540830135345,1.79511296749115,0.10046320408582687,2,0.964185357093811,0.12566494941711426,1.1193434000015259,1.1279321908950806,True,13.354203224182129,0.6185688972473145,0.2929162308573723,0.5103442668914795,0.18000838160514832,0.17289265990257263,0.3084196150302887,0.004894375801086426,0.0,2.2411346435546875e-05,0.0010752677917480469,0.01847982406616211,0.00878896750509739,1735.0,0.9417867435158501,0.0,0.032853025936599424,0.007492795389048991,0.0,0.017867435158501442,16.417105263157893,2.6435037486491355,5.234653949737549,0.15872454643249512,0.07784271240234375,0.9574221429971577,0.004277229309082031,0.006430665962398052,-0.001998376101255417,-0.00013556613703258336,-0.00029840489150956273,0.0077915191650390625,-0.00016689300537109375,0.0,-0.00024251933791674674,0.011380428448319435,0.9541546664576789,0.9466552734375,0.09964620694518089,0.0995699092745781,0.0997663289308548,0.09991347044706345,0.09933511912822723,,,,,,,,,,,,,,,,,,,,,,,,,,,,,,,,,,,,,,,,,115.50976174324751,nan,0.9466552734375,0.6277041435241699
33,full,full,71303168,2178.302636861801,161899.08158412637,1.8570787340862253e-05,1.8570787340862253e-05,0.0003,0.45697516202926636,0.17333333333333334,1.62,0.28080000000000005,0.0,0.013657511211931705,0.11397796869277954,-3.5490903854370117,0.011250677518546581,0.11074654012918472,0.09683230519294739,2.5402023792266846,0.07013615220785141,3,0.9686197638511658,0.09744532406330109,0.8349672555923462,0.8358608484268188,True,15.529479026794434,0.7225551605224609,0.3182543255388737,0.5469226837158203,0.18589696288108826,0.18229897320270538,0.35789868235588074,0.0040760040283203125,0.0,1.5735626220703125e-05,0.0003933906555175781,0.01589488983154297,0.006523674353957176,1557.0,0.9653179190751445,0.0,0.014771997430956968,0.009633911368015413,0.0,0.010276172125883108,20.555633178088268,1.6178653547988922,4.5594706535339355,0.13471347093582153,0.06453657150268555,1.0029047725039344,0.0027742385864257812,0.004706283565610647,-0.0019985311664640903,-8.37906263768673e-05,-0.00021467337501235306,0.007166862487792969,-9.059906005859375e-05,0.0,-0.00015153891581576318,0.009334015659987926,0.9541546664576789,0.9466552734375,0.09962989576160908,0.09956203401088715,0.0997319445014,0.09989235550165176,0.0993332490324974,,,,,,,,,,,,,,,,,,,,,,,,,,,,,,,,,,,,,,,,,115.50977575778961,nan,0.9466552734375,0.9429080486297607
34,full,full,73400320,2192.7885942459106,164748.10985024075,1.774562285275458e-05,1.774562285275458e-05,0.0003,0.37402626872062683,0.16999999999999998,1.62,0.2754,0.0,-0.028107628226280212,0.07723872363567352,-3.5498454570770264,0.006106281187385321,0.06602802127599716,0.08289599418640137,4.695655345916748,0.05162014812231064,5,0.9688400030136108,0.06283559650182724,0.5670973062515259,0.5659868717193604,False,16.58936309814453,0.8531026840209961,0.347213800996542,0.6089009046554565,0.20495131611824036,0.19497819244861603,0.380024790763855,0.003355860710144043,0.0,9.5367431640625e-07,0.00043487548828125,0.012987613677978516,0.004424209240823984,1141.0,0.9631901840490797,0.0,0.02366345311130587,0.0026292725679228747,0.0,0.010517090271691499,24.68710949347892,2.1371062510270598,5.852726459503174,0.11045712232589722,0.044057369232177734,0.9312768040748959,0.0023140907287597656,0.003599270014092326,-0.0019989225547760725,-4.1770937968976796e-05,-9.483423491474241e-05,0.005240440368652344,-7.152557373046875e-05,0.0,-0.0001189947288366966,0.006513661704957485,0.9541546664576789,0.9466552734375,0.09960990399122238,0.0995521992444992,0.09970049560070038,0.09989195317029953,0.09929496794939041,,,,,,,,,,,,,,,,,,,,,,,,,,,,,,,,,,,,,,,,,115.50917790085077,nan,0.9466552734375,1.4699482917785645
35,full,full,75497472,2376.9155452251434,165192.50483572655,1.6915733290508304e-05,1.6915733290508304e-05,0.0003,0.2508907914161682,0.16666666666666666,1.4580000000000002,0.27,0.0,0.06074326112866402,0.036857970058918,-3.550626039505005,0.004394457675516605,0.045861244201660156,0.057288020849227905,6.3695268630981445,0.024979805573821068,5,0.9723289608955383,0.04237690567970276,0.4504931569099426,0.45195040106773376,False,16.235559463500977,0.8987126350402832,0.3545853868126869,0.6438807845115662,0.22495386004447937,0.19871634244918823,0.3507905602455139,0.0021278858184814453,0.0,4.76837158203125e-06,0.00021076202392578125,0.008296012878417969,0.004559210501611233,559.0,0.9463327370304114,0.0,0.03041144901610018,0.0035778175313059034,0.0,0.01967799642218247,28.74867674858223,2.1447404510006707,8.182234764099121,0.11852648109197617,0.02004241943359375,0.9374162654346688,0.0015192031860351562,0.003971495665609837,-0.0019994762260466814,-5.162461820873432e-05,-7.951586303533986e-05,0.0025224685668945312,-4.5299530029296875e-05,0.0,-8.349423296749592e-05,0.004234550520777702,0.9541546664576789,0.9466552734375,0.09959168545901775,0.09954465925693512,0.09965740144252777,0.09986228495836258,0.09930239617824554,0.9278564453125,0.035888671875,0.0,0.0294189453125,0.0068359375,0.0,0.0,8192.0,2.001643180847168,0.05741672515869141,5.149487400054934,2.261410713195801,0.7894025802612304,3.8379371881485,12.818262100219727,9.051258087158203,0.6513671875,22.886690139770508,0.9196042053184911,0.03525046382189239,0.9406830437387658,0.017974835230677052,0.9187519308001235,0.05560704355885079,0.9278564453125,169.69603085517883,0.0003662109375,0.4903564453125,0.0,0.0,0.0,0.50927734375,0.0,0.0,0.0,0.0006193868070610096,0.0,0.00029877502240812666,0.0,0.0003662109375,115.50824400782585,0.9278564453125,0.9466552734375,1.4615538120269775
36,full,full,77594624,2391.6752367019653,160887.98514197976,1.60842667094917e-05,1.60842667094917e-05,0.0003,0.367436945438385,0.16333333333333333,1.4580000000000002,0.23814000000000002,0.0,0.011449441313743591,0.14947959780693054,-3.5514073371887207,0.00771872466430068,0.07367010414600372,0.06496886163949966,1.6122105121612549,0.10465879738330841,5,0.9622969627380371,0.13748158514499664,1.2925437688827515,1.2976148128509521,False,11.105199813842773,0.5763826370239258,0.27032478526234627,0.49202027916908264,0.17435063421726227,0.15761977434158325,0.2573084533214569,0.004683494567871094,0.0,3.719329833984375e-05,0.00023651123046875,0.01846027374267578,0.009366855956614017,1794.0,0.9487179487179487,0.0,0.028428093645484948,0.005016722408026756,0.0,0.017837235228539576,12.151889933411672,1.864896878483835,7.398066520690918,0.18402568995952606,0.07738208770751953,0.9681960838232213,0.004292488098144531,0.00794199388474226,-0.0019983204547315836,-0.00016584372497163713,-0.00034499267349019647,0.008115768432617188,-0.0001430511474609375,0.0,-0.00025939950137399137,0.013146156445145607,0.9541546664576789,0.9466552734375,0.09956791438162327,0.09952917695045471,0.09963077306747437,0.09984371066093445,0.09926799684762955,,,,,,,,,,,,,,,,,,,,,,,,,,,,,,,,,,,,,,,,,115.50734388828278,nan,0.9466552734375,1.489292860031128
37,full,full,79691776,2406.152311563492,161294.06906210398,1.5254377147245425e-05,1.5254377147245425e-05,0.0003,0.46491771936416626,0.15999999999999998,1.4580000000000002,0.23328,0.0,0.030711447820067406,0.15002593398094177,-3.5520527362823486,0.008198194205760956,0.09068000316619873,0.08927316218614578,1.8061705827713013,0.07736308127641678,4,0.9623838067054749,0.1268993467092514,1.096012830734253,1.1053117513656616,True,13.375722885131836,0.6220669746398926,0.2856331840157509,0.5085736513137817,0.1696978509426117,0.16507530212402344,0.29918593168258667,0.004656314849853516,0.0,2.6226043701171875e-05,2.288818359375e-05,0.01857614517211914,0.008824211545288563,1702.0,0.9412455934195064,0.0,0.027614571092831962,0.0099882491186839,0.0,0.021151586368977675,16.373366625052018,1.965089181615379,5.249713897705078,0.16052530705928802,0.07776260375976562,0.984229078519745,0.004712104797363281,0.00641676178202033,-0.0019984121900051832,-0.00013311659859027714,-0.00033813700429163873,0.0076389312744140625,-0.000152587890625,0.0,-0.0002850294404197484,0.011148406192660332,0.9541546664576789,0.9466552734375,0.09956004656851292,0.09950853884220123,0.09963037073612213,0.09984371066093445,0.09925756603479385,,,,,,,,,,,,,,,,,,,,,,,,,,,,,,,,,,,,,,,,,115.50851148366928,nan,0.9466552734375,1.1994178295135498
38,full,full,81788928,2420.785273551941,162923.97171413412,1.4429212659137746e-05,1.4429212659137746e-05,0.0003,0.4537457525730133,0.15666666666666668,1.4580000000000002,0.22842000000000004,0.0,0.03409744054079056,0.13134190440177917,-3.5525689125061035,0.0067531876266002655,0.07159395515918732,0.08958765864372253,2.4861643314361572,0.08237738162279129,5,0.9636081457138062,0.10186189413070679,0.8408421874046326,0.8449916839599609,False,15.080102920532227,0.7212862968444824,0.308402594178915,0.5423900485038757,0.17324844002723694,0.17565299570560455,0.34231889247894287,0.004151582717895508,0.0,2.002716064453125e-05,0.00010347366333007812,0.016482830047607422,0.006547179073095322,1573.0,0.9446916719643992,0.0,0.024157660521296885,0.003814367450731087,0.0,0.02733630006357279,20.62339614176761,1.6453484149018596,4.581736087799072,0.13529211282730103,0.06693506240844727,0.974258871898442,0.004625797271728516,0.0047485255636274815,-0.001998540945351124,-8.385416003875434e-05,-0.00024099864822346717,0.0070858001708984375,-0.0001049041748046875,0.0,-0.0003076789726037532,0.009098351933062077,0.9541546664576789,0.9466552734375,0.09954207204282284,0.09949304908514023,0.09961502999067307,0.09983262419700623,0.09922758489847183,,,,,,,,,,,,,,,,,,,,,,,,,,,,,,,,,,,,,,,,,115.50849748402834,nan,0.9466552734375,1.464921474456787
39,full,full,83886080,2435.2012889385223,165147.489590533,1.361190337671229e-05,1.361190337671229e-05,0.0003,0.3708138167858124,0.15333333333333332,1.4580000000000002,0.22356,0.0,0.09838469326496124,0.08784416317939758,-3.5530028343200684,0.0036183265037834644,0.027795886620879173,0.07684633135795593,4.688490390777588,0.060825664550065994,5,0.96409672498703,0.06869544088840485,0.5787524580955505,0.5839940905570984,False,16.416667938232422,0.8504848480224609,0.33736727014184,0.6039508581161499,0.19564135372638702,0.18827682733535767,0.36160004138946533,0.003452301025390625,0.0,4.76837158203125e-06,0.00012445449829101562,0.013679981231689453,0.004460207186639309,1107.0,0.955736224028907,0.0,0.014453477868112014,0.0018066847335140017,0.0,0.028003613369467027,24.76961247637051,1.3064892225256888,5.915103435516357,0.11068179458379745,0.0477752685546875,0.906808225082841,0.003955841064453125,0.00363877322524786,-0.0019989728461951017,-3.96927644032985e-05,-6.732408655807376e-05,0.0050449371337890625,-4.291534423828125e-05,0.0,-0.00023839485947974026,0.006296410225331783,0.9541546664576789,0.9466552734375,0.09954025968909264,0.09949347376823425,0.0995958149433136,0.09982357919216156,0.09924817085266113,,,,,,,,,,,,,,,,,,,,,,,,,,,,,,,,,,,,,,,,,115.50881674140692,nan,0.9466552734375,1.4468491077423096
40,full,full,85983232,2739.4254109859467,165984.70787147546,1.2805549634026884e-05,1.2805549634026884e-05,0.0003,0.2513680160045624,0.15,1.3122000000000003,0.21870000000000003,0.0,0.11458981037139893,0.05607369542121887,-3.5532851219177246,0.0024804100394248962,0.018319129943847656,0.05371006205677986,6.357761383056641,0.035863690078258514,5,0.9571828246116638,0.048701707273721695,0.4553973078727722,0.4586810767650604,False,15.496064186096191,0.8913383483886719,0.3440728038549423,0.6375072598457336,0.21558696031570435,0.19163861870765686,0.33155837655067444,0.0017894506454467773,0.0,1.9073486328125e-06,6.961822509765625e-05,0.007086277008056641,0.004748516716063023,554.0,0.9133574007220217,0.0,0.02707581227436823,0.005415162454873646,0.0,0.05415162454873646,28.65009881422925,2.047538674695397,8.182327270507812,0.120461106300354,0.02195453643798828,0.9172089138721168,0.0025196075439453125,0.004104042891412973,-0.001999499509111047,-5.7101555285044014e-05,-9.011506335809827e-05,0.0024127960205078125,-4.291534423828125e-05,0.0,-0.00017340193153358996,0.004153802990913391,0.9541546664576789,0.9466552734375,0.09952535852789879,0.09946408867835999,0.09958923608064651,0.09981034696102142,0.09923776239156723,0.9315185546875,0.0396728515625,0.0,0.0230712890625,0.0057373046875,0.0,0.0,8192.0,1.9626069068908691,0.05865135192871094,4.897366666793824,2.2550487518310547,0.7325162887573243,3.8795594215393074,12.810347557067871,8.966029167175293,0.65576171875,22.93086051940918,0.9217233009708737,0.03155339805825243,0.9388820638820639,0.013513513513513514,0.9291362530413625,0.04257907542579075,0.9315185546875,289.8506968021393,0.000732421875,0.4840087890625,0.0,0.0,0.0,0.5152587890625,0.0,0.000591715976331361,0.0,0.0006112469437652812,0.0,0.0009287925696594427,0.0,0.000732421875,115.50878770649433,0.9315185546875,0.9466552734375,1.4591796398162842
41,full,full,88080384,2754.68945813179,156323.1433594423,1.2013210207024596e-05,1.2013210207024596e-05,0.0003,0.3661370873451233,0.14666666666666667,1.3122000000000003,0.19245600000000004,0.0,-0.03629126399755478,0.15539200603961945,-3.553971529006958,0.004533166065812111,0.04505414888262749,0.06325067579746246,1.680074691772461,0.10987933725118637,5,0.9589335322380066,0.13753293454647064,1.2357871532440186,1.2275855541229248,False,11.36336612701416,0.5837383270263672,0.2688608504831791,0.49309706687927246,0.16961395740509033,0.16031979024410248,0.2524125874042511,0.004649996757507324,0.0,3.1948089599609375e-05,3.2901763916015625e-05,0.018535137176513672,0.00940528605133295,1815.0,0.9559228650137741,0.0,0.03085399449035813,0.0027548209366391185,0.0,0.01046831955922865,12.111873198847261,2.2247461744576444,7.386997222900391,0.18461346626281738,0.07380962371826172,1.00609646537244,0.0037131309509277344,0.00805370882153511,-0.0019982880912721157,-0.00016502953076269478,-0.0003427976043894887,0.008273124694824219,-0.00014543533325195312,0.0,-0.00018041137082036585,0.013494868762791157,0.9541546664576789,0.9466552734375,0.09950711391866207,0.09943418949842453,0.09956240653991699,0.09980405867099762,0.09922780096530914,,,,,,,,,,,,,,,,,,,,,,,,,,,,,,,,,,,,,,,,,115.50976381450891,nan,0.9466552734375,1.551947832107544
42,full,full,90177536,2769.8989284038544,156504.9766171654,1.123789071054883e-05,1.123789071054883e-05,0.0003,0.4627279043197632,0.1433333333333333,1.3122000000000003,0.188082,0.0,-0.017252860590815544,0.1406911462545395,-3.55464506149292,0.0056553189642727375,0.05890665203332901,0.08501634001731873,1.8516603708267212,0.11832819879055023,5,0.9640654921531677,0.12233876436948776,1.0608105659484863,1.0557570457458496,False,13.896858215332031,0.6302199363708496,0.2811392545700073,0.5049006342887878,0.16311895847320557,0.1630467176437378,0.2934907078742981,0.004082202911376953,0.0,1.049041748046875e-05,1.9073486328125e-05,0.01629924774169922,0.008735407143831253,1709.0,0.957284961966062,0.0,0.027501462843768285,0.003510825043885313,0.0,0.011702750146284377,16.41535248573757,1.9809568883941633,5.2631683349609375,0.15996351838111877,0.07396936416625977,1.008531627719581,0.003474712371826172,0.006375486962497234,-0.0019983910024166107,-0.0001309503277298063,-0.0003551805857568979,0.007801055908203125,-0.00012636184692382812,0.0,-0.00017530923651065677,0.01139035914093256,0.9541546664576789,0.9466552734375,0.09949120134115219,0.09941039234399796,0.09952998161315918,0.09980713576078415,0.09921729564666748,,,,,,,,,,,,,,,,,,,,,,,,,,,,,,,,,,,,,,,,,115.51019788533449,nan,0.9466552734375,1.5295379161834717
43,full,full,92274688,2784.9080555438995,158743.82306466327,1.0482532197016734e-05,1.0482532197016734e-05,0.0003,0.4481586515903473,0.13999999999999999,1.3122000000000003,0.183708,0.0,-0.010595090687274933,0.11271625757217407,-3.5552096366882324,0.002476989757269621,0.019056320190429688,0.08398695290088654,2.488128662109375,0.08877284824848175,5,0.9679763913154602,0.09644918143749237,0.7957693934440613,0.7892231941223145,False,15.351207733154297,0.7269902229309082,0.3004380874335766,0.537102997303009,0.16570916771888733,0.1683984249830246,0.3305417597293854,0.003750324249267578,0.0,1.239776611328125e-05,2.2411346435546875e-05,0.014966487884521484,0.006465776823461056,1518.0,0.9538866930171278,0.0,0.023715415019762844,0.002635046113306983,0.0,0.019762845849802372,20.623756906077347,1.8460899222352603,4.653870105743408,0.13409896194934845,0.06397724151611328,1.0165986947529253,0.0035266876220703125,0.004743124824017286,-0.001998581225052476,-8.012422767933458e-05,-0.00014614092651754618,0.00690460205078125,-9.5367431640625e-05,0.0,-0.00021789096354041249,0.009109620936214924,0.9541546664576789,0.9466552734375,0.09947800077497959,0.09939638525247574,0.09951582551002502,0.09978559613227844,0.09921419620513916,,,,,,,,,,,,,,,,,,,,,,,,,,,,,,,,,,,,,,,,,115.50992912054062,nan,0.9466552734375,1.530700922012329
44,full,full,94371840,2799.6544439792633,161309.7993861343,9.750000000000003e-06,9.750000000000003e-06,0.0003,0.3682134449481964,0.13666666666666666,1.3122000000000003,0.17933400000000002,0.0,-0.13253340125083923,0.07080032676458359,-3.555675983428955,0.002802458591759205,0.01923055574297905,0.07441677153110504,4.906920433044434,0.07083211094141006,5,0.9709770679473877,0.06255659461021423,0.5292648077011108,0.5172645449638367,False,16.793346405029297,0.8570489883422852,0.3312193863093853,0.5968604683876038,0.1913430392742157,0.18395860493183136,0.3527154326438904,0.0034438371658325195,0.0,2.384185791015625e-06,2.6702880859375e-05,0.013746261596679688,0.004494284279644489,1151.0,0.9713292788879235,0.0,0.018245004344048653,0.0026064291920069507,0.0,0.007819287576020852,24.67994931425164,2.0826402228361207,5.993407249450684,0.11048192530870438,0.04258537292480469,1.0148609657029606,0.0014681816101074219,0.0037119316402822733,-0.0019989097490906715,-4.4364220229908824e-05,-9.487001807428896e-05,0.0053310394287109375,-5.7220458984375e-05,0.0,-7.753367390250787e-05,0.006770070176571608,0.9541546664576789,0.9466552734375,0.0994685497134924,0.09938003122806549,0.0995040312409401,0.0997835323214531,0.0992066040635109,,,,,,,,,,,,,,,,,,,,,,,,,,,,,,,,,,,,,,,,,115.51029762625694,nan,0.9466552734375,1.4775259494781494
45,full,full,96468992,2985.922630548477,159465.30850786646,9.043072865033172e-06,9.043072865033172e-06,0.0003,0.24925141036510468,0.1333333333333333,1.1809800000000004,0.17496,0.0,-0.09212140738964081,0.03572983294725418,-3.5560390949249268,0.0020186803303658962,0.010649967007339,0.05250640958547592,6.182075500488281,0.034817133098840714,5,0.9723753333091736,0.04291567951440811,0.414285808801651,0.4063277244567871,False,16.847627639770508,0.8959159851074219,0.3384935148060322,0.6258106231689453,0.21217624843120575,0.19213995337486267,0.323847234249115,0.00214231014251709,0.0,2.86102294921875e-06,5.7220458984375e-06,0.008560657501220703,0.004790904466062784,527.0,0.9639468690702088,0.0,0.028462998102466792,0.0018975332068311196,0.0,0.0056925996204933585,28.430807086614173,1.7049412302093216,8.263067245483398,0.12061005085706711,0.018021106719970703,1.06747022844839,0.0005035400390625,0.004176389425992966,-0.0019995002076029778,-5.854322080267593e-05,-0.00011069156607845798,0.002422332763671875,-3.814697265625e-05,0.0,-2.357953599130269e-05,0.0043682618997991085,0.9541546664576789,0.9466552734375,0.09946013800799847,0.09938544034957886,0.09948543459177017,0.09976983070373535,0.09919984638690948,0.940673828125,0.025634765625,0.0,0.0267333984375,0.0069580078125,0.0,0.0,8192.0,1.9350792169570923,0.07042007446289063,4.988028049468995,2.2678658962249756,0.7669151306152344,3.824680614471436,12.762149810791016,8.967020988464355,0.6490478515625,22.938701629638672,0.943011397720456,0.03479304139172166,0.9523370233702337,0.015990159901599015,0.9278948976474183,0.05071799572257867,0.940673828125,171.25203227996826,0.000732421875,0.4840087890625,0.0,0.0,0.0,0.5152587890625,0.0,0.000591715976331361,0.0,0.0006112469437652812,0.0,0.0009287925696594427,0.0,0.000732421875,115.51083344966173,0.940673828125,0.9466552734375,1.5514273643493652
46,full,full,98566144,3001.5411520004272,153143.96254607677,8.36443240888004e-06,8.36443240888004e-06,0.0003,0.3578747808933258,0.13,1.1809800000000004,0.15352740000000006,0.0,-0.048266999423503876,0.10968774557113647,-3.5565967559814453,0.0031838722061365843,0.024265289306640625,0.059605278074741364,1.6143224239349365,0.1041378378868103,5,0.971511721611023,0.1248932033777237,1.241783857345581,1.226555585861206,False,11.83692741394043,0.5896739959716797,0.26562317833304405,0.48896607756614685,0.16834233701229095,0.15804030001163483,0.24714399874210358,0.004361987113952637,0.0,4.0531158447265625e-05,3.6716461181640625e-05,0.01737070083618164,0.009526018053293228,1785.0,0.965266106442577,0.0,0.025210084033613446,0.00784313725490196,0.0,0.0016806722689075631,12.222141613464887,1.7390826056985293,7.54842472076416,0.18577684462070465,0.06759071350097656,1.0922864652411322,0.0017757415771484375,0.008252541534602642,-0.0019983015954494476,-0.00016775005497038364,-0.00032916845520958304,0.008215904235839844,-0.00014066696166992188,0.0,-7.054808520479128e-05,0.01376200933009386,0.9541546664576789,0.9466552734375,0.09943961538374424,0.09936153888702393,0.09945759177207947,0.09976319223642349,0.09917613863945007,,,,,,,,,,,,,,,,,,,,,,,,,,,,,,,,,,,,,,,,,115.51038356870413,nan,0.9466552734375,1.6034958362579346
47,full,full,100663296,3017.1673126220703,152418.16278184674,7.716652947242736e-06,7.716652947242736e-06,0.0003,0.4575989842414856,0.12666666666666665,1.1809800000000004,0.14959080000000002,0.0,-0.01840631105005741,0.11266781389713287,-3.557482957839966,0.002374734729528427,0.0160096175968647,0.08348499983549118,1.8269507884979248,0.08888968080282211,5,0.9726589918136597,0.11285557597875595,1.0274949073791504,1.0168818235397339,False,13.845584869384766,0.6297640800476074,0.27861209213733673,0.4987196922302246,0.16300353407859802,0.161085844039917,0.2916392982006073,0.004878520965576172,0.0,2.2411346435546875e-05,3.3855438232421875e-05,0.01945781707763672,0.00899943895637989,1700.0,0.9511764705882353,0.0,0.03411764705882353,0.006470588235294118,0.0,0.00823529411764706,16.370408163265306,2.342078929227941,5.317043304443359,0.16147169470787048,0.06678009033203125,1.103086977322061,0.0021924972534179688,0.006488207262009382,-0.0019983933307230473,-0.0001386632357025519,-0.00038141326513141394,0.007710456848144531,-0.00016450881958007812,0.0,-0.00012252341548446566,0.01139315776526928,0.9541546664576789,0.9466552734375,0.09941807202994823,0.0993431955575943,0.09942899644374847,0.09974825382232666,0.0991518422961235,,,,,,,,,,,,,,,,,,,,,,,,,,,,,,,,,,,,,,,,,115.51014558970928,nan,0.9466552734375,1.5949435234069824
48,full,full,102760448,3032.482132434845,156990.90214160562,7.102191729500492e-06,7.102191729500492e-06,0.0003,0.4498998522758484,0.12333333333333332,1.1809800000000004,0.14565420000000004,0.0,-0.051198918372392654,0.09290258586406708,-3.558175563812256,0.002119106473401189,0.01376638375222683,0.08391249924898148,2.4532315731048584,0.07751322537660599,5,0.9750416874885559,0.08938251435756683,0.7892335653305054,0.776570200920105,False,15.701277732849121,0.7292866706848145,0.2989361584186554,0.5279691219329834,0.1655091494321823,0.16989190876483917,0.3323744535446167,0.004016399383544922,0.0,1.0967254638671875e-05,2.6702880859375e-05,0.01602792739868164,0.006539108697324991,1592.0,0.9616834170854272,0.0,0.0207286432160804,0.005025125628140704,0.0,0.01256281407035176,20.580524711517526,2.2075503555374527,4.635936737060547,0.13598066568374634,0.058197975158691406,1.0714336465587875,0.0023980140686035156,0.004711825400590897,-0.0019985006656497717,-8.447953587165102e-05,-0.0002129813947249204,0.007300376892089844,-9.775161743164062e-05,0.0,-0.0001582622353453189,0.009460225701332092,0.9541546664576789,0.9466552734375,0.09940632991492748,0.09933540225028992,0.0994248315691948,0.09972813725471497,0.09913694858551025,,,,,,,,,,,,,,,,,,,,,,,,,,,,,,,,,,,,,,,,,115.51022440940142,nan,0.9466552734375,1.6082861423492432
49,full,full,104857600,3047.6890149116516,158097.09870641958,6.523379617521104e-06,6.523379617521104e-06,0.0003,0.3668120205402374,0.12,1.1809800000000004,0.14171760000000003,0.0,0.059438206255435944,0.06446748971939087,-3.5585339069366455,0.0013435541186481714,0.00390625,0.07202691584825516,4.593744277954102,0.05679057911038399,5,0.9739115238189697,0.06033496558666229,0.5368656516075134,0.5341206789016724,False,16.555404663085938,0.8562030792236328,0.32666270807385445,0.5882821083068848,0.18716195225715637,0.1850293129682541,0.34617745876312256,0.0030062198638916016,0.0,1.9073486328125e-06,9.059906005859375e-06,0.012013912200927734,0.0045019350945949554,1081.0,0.9620721554116559,0.0,0.01572617946345976,0.0018501387604070306,0.0,0.020351526364477335,24.75213141025641,2.009598498207678,5.984182834625244,0.11175379157066345,0.042063236236572266,0.9994131746454604,0.002223968505859375,0.0037406941410154104,-0.001998989610001445,-4.340444866102189e-05,-0.00011710174294421449,0.0049591064453125,-4.5299530029296875e-05,0.0,-0.00016458042955491692,0.006330424919724464,0.9541546664576789,0.9466552734375,0.09939966537058353,0.09932240843772888,0.09941437095403671,0.09972566366195679,0.09913621842861176,,,,,,,,,,,,,,,,,,,,,,,,,,,,,,,,,,,,,,,,,115.51057386398315,nan,0.9466552734375,1.6107912063598633
50,full,full,106954752,3351.7998509407043,166146.81212874013,5.98241224390345e-06,5.98241224390345e-06,0.0003,0.24582798779010773,0.11666666666666667,1.0628820000000003,0.13778100000000004,0.0,0.09026894718408585,0.040208183228969574,-3.5587210655212402,0.0019496619934216142,0.008882904425263405,0.049741409718990326,5.686980247497559,0.03518860787153244,5,0.9689138531684875,0.04395115002989769,0.4250224828720093,0.4236166775226593,False,15.74350357055664,0.8926310539245605,0.3333953507244587,0.6220079064369202,0.20743778347969055,0.18933014571666718,0.3148055672645569,0.001653432846069336,0.0,6.198883056640625e-06,1.33514404296875e-05,0.006594181060791016,0.004805473610758781,530.0,0.9226415094339623,0.0,0.02830188679245283,0.0018867924528301887,0.0,0.04716981132075472,28.582617586912065,2.321025344560731,8.283946990966797,0.12123316526412964,0.0190887451171875,0.9866769670201339,0.0015506744384765625,0.0041375793516635895,-0.001999518135562539,-5.751229400630109e-05,-8.818606875138357e-05,0.0023317337036132812,-3.814697265625e-05,0.0,-0.00015203957445919514,0.00413390900939703,0.9541546664576789,0.9466552734375,0.09939777851104736,0.09932872653007507,0.09939539432525635,0.09972188621759415,0.09914510697126389,0.9200439453125,0.0460205078125,0.0,0.026123046875,0.0078125,0.0,0.0,8192.0,1.9944210052490234,0.0694417953491211,5.112167549133302,2.2579498291015625,0.7738079071044922,3.8706327199935915,12.77522087097168,8.896285057067871,0.65966796875,22.937244415283203,0.9288321167883211,0.0340632603406326,0.9261189454322502,0.019619865113427344,0.9096165550821668,0.04808277541083384,0.9200439453125,289.7557373046875,0.0008544921875,0.4862060546875,0.0,0.0,0.0,0.512939453125,0.0,0.0006086427267194157,0.0,0.0009216589861751152,0.0,0.0009107468123861566,0.0,0.0008544921875,115.51087221503258,0.9200439453125,0.9466552734375,1.4587581157684326
51,full,full,109051904,3366.660643339157,160616.09722583363,5.4813416831910085e-06,5.4813416831910085e-06,0.0003,0.36409837007522583,0.11333333333333331,1.0628820000000003,0.12045996000000002,0.0,-0.06424570828676224,0.11099531501531601,-3.5588581562042236,0.0014742811908945441,0.004874229431152344,0.06174731254577637,1.6425981521606445,0.09282506257295609,5,0.9710071086883545,0.12115629017353058,1.1993725299835205,1.183226227760315,False,11.596733093261719,0.5983996391296387,0.2669340409338474,0.4918535351753235,0.1679297238588333,0.1595231145620346,0.2484297901391983,0.0043218135833740234,0.0,3.528594970703125e-05,7.152557373046875e-05,0.017180442810058594,0.009390144608914852,1770.0,0.9497175141242938,0.0,0.03785310734463277,0.005084745762711864,0.0,0.007344632768361582,12.153708110251834,2.8103341829978814,7.418331146240234,0.18424859642982483,0.060337066650390625,1.148907474947841,0.0017542839050292969,0.008017284795641899,-0.001998325577005744,-0.0001691648067208007,-0.0003393451333977282,0.008015632629394531,-0.0001811981201171875,0.0,-0.00012123587657697499,0.01322364155203104,0.9541546664576789,0.9466552734375,0.09939148649573326,0.09933299571275711,0.09938482195138931,0.09970160573720932,0.0991465225815773,,,,,,,,,,,,,,,,,,,,,,,,,,,,,,,,,,,,,,,,,115.51083057373762,nan,0.9466552734375,1.5057201385498047
52,full,full,111149056,3381.462699174881,160564.1089455752,5.022068667650211e-06,5.022068667650211e-06,0.0003,0.4530937671661377,0.11000000000000001,1.0628820000000003,0.11691702000000005,0.0,-0.026761934161186218,0.11289463192224503,-3.559152603149414,0.0014178052078932524,0.004127597901970148,0.08173110336065292,1.826856017112732,0.0917426124215126,5,0.9724966287612915,0.10748463124036789,1.0224913358688354,1.0139544010162354,False,13.935243606567383,0.6398391723632812,0.2782731242477894,0.5040165781974792,0.1612778753042221,0.16199073195457458,0.2858073115348816,0.004236459732055664,0.0,2.6702880859375e-05,4.673004150390625e-05,0.016872406005859375,0.008837010711431503,1692.0,0.9539007092198581,0.0,0.026595744680851064,0.0035460992907801418,0.0,0.015957446808510637,16.385016522098304,1.766388877345597,5.322574615478516,0.16082549095153809,0.061968326568603516,1.12124310829736,0.0020427703857421875,0.006374579854309559,-0.001998413121327758,-0.00013934091839473695,-0.0003542799095157534,0.0076961517333984375,-0.00012159347534179688,0.0,-0.00015633109433110803,0.011300774291157722,0.9541546664576789,0.9466552734375,0.09938367269933224,0.09932027012109756,0.09938037395477295,0.09969428181648254,0.09913976490497589,,,,,,,,,,,,,,,,,,,,,,,,,,,,,,,,,,,,,,,,,115.51058988273144,nan,0.9466552734375,1.483389139175415
53,full,full,113246208,3396.208771944046,161747.3959047265,4.60633537714191e-06,4.60633537714191e-06,0.0003,0.436922550201416,0.10666666666666666,1.0628820000000003,0.11337408000000003,0.0,-0.04453495889902115,0.08967524021863937,-3.5594565868377686,0.001277801813557744,0.003635883331298828,0.08103047311306,2.5141050815582275,0.09132352471351624,5,0.9758315682411194,0.08517245948314667,0.7805058360099792,0.7716246843338013,False,15.754526138305664,0.736443042755127,0.2982984818518162,0.5381348133087158,0.1664762794971466,0.16731207072734833,0.32127076387405396,0.0039386749267578125,0.0,1.2874603271484375e-05,2.4318695068359375e-05,0.015717506408691406,0.006517634727060795,1525.0,0.9606557377049181,0.0,0.022295081967213116,0.005245901639344262,0.0,0.01180327868852459,20.610216154721275,1.9435529264856557,4.772145748138428,0.13534197211265564,0.055088043212890625,1.120111980428987,0.0018372535705566406,0.00472950330004096,-0.001998563064262271,-8.440219971816987e-05,-0.00023195204266812652,0.006985664367675781,-0.00010013580322265625,0.0,-0.00012118808808736503,0.00917892251163721,0.9541546664576789,0.9466552734375,0.09937586821615696,0.0993165522813797,0.09937058389186859,0.09968399256467819,0.09913234412670135,,,,,,,,,,,,,,,,,,,,,,,,,,,,,,,,,,,,,,,,,115.51047866046429,nan,0.9466552734375,1.4804542064666748
54,full,full,115343360,3410.795117378235,163746.03597597888,4.235718830436429e-06,4.235718830436429e-06,0.0003,0.35404670238494873,0.10333333333333333,1.0628820000000003,0.10983114000000004,0.0,-0.006386040709912777,0.05543747544288635,-3.5596442222595215,0.0012556188739836216,0.0028210640884935856,0.06941181421279907,4.788272380828857,0.07072131335735321,5,0.9783444404602051,0.055137552320957184,0.5414517521858215,0.5376211404800415,False,16.500349044799805,0.8594355583190918,0.3256459981203079,0.5964128971099854,0.18984264135360718,0.1814112663269043,0.33491718769073486,0.0028455257415771484,0.0,1.0967254638671875e-05,3.4809112548828125e-05,0.011336326599121094,0.004526436794549227,1075.0,0.9609302325581396,0.0,0.021395348837209303,0.0037209302325581397,0.0,0.013953488372093023,24.751048725395286,1.9520998364825581,6.203904628753662,0.11336423456668854,0.03792619705200195,1.0411889670845016,0.0013780593872070312,0.003758702427148819,-0.0019989884458482265,-4.73035906907171e-05,-0.00012013115338049829,0.004925727844238281,-6.437301635742188e-05,0.0,-0.00010073185694636777,0.006352900993078947,0.9541546664576789,0.9466552734375,0.09937471337616444,0.0993167906999588,0.09937039762735367,0.09968147426843643,0.09913019090890884,,,,,,,,,,,,,,,,,,,,,,,,,,,,,,,,,,,,,,,,,115.51091758906841,nan,0.9466552734375,1.4769506454467773
55,full,full,117440512,3577.952929019928,164786.96774068815,3.911624903041198e-06,3.911624903041198e-06,0.0003,0.24016085267066956,0.09999999999999998,1.0,0.10628820000000001,0.0,-0.055899716913700104,0.033302903175354004,-3.5597710609436035,0.00096128013683483,0.0025811195373535156,0.04895768314599991,5.96682071685791,0.04039705544710159,5,0.9752238988876343,0.042621396481990814,0.44356682896614075,0.43920060992240906,False,16.144006729125977,0.8896408081054688,0.33266429975628853,0.6264715194702148,0.20821885764598846,0.1893760859966278,0.306590735912323,0.0017096996307373047,0.0,3.814697265625e-06,1.33514404296875e-05,0.006821632385253906,0.004925972782075405,516.0,0.9476744186046512,0.0,0.03488372093023256,0.007751937984496124,0.0,0.009689922480620155,28.53319700068166,3.0734806504360463,8.417768478393555,0.12359476834535599,0.016694068908691406,1.0962701504927164,0.0007157325744628906,0.00432221032679081,-0.001999512081965804,-5.9819736634381115e-05,-0.00011304041254334152,0.0023317337036132812,-5.245208740234375e-05,0.0,-4.248618279234506e-05,0.004386630840599537,0.9541546664576789,0.9466552734375,0.09936950169503689,0.09930633008480072,0.09936875849962234,0.099675752222538,0.09912716597318649,0.943115234375,0.023193359375,0.0,0.026611328125,0.007080078125,0.0,0.0,8192.0,1.9541195631027222,0.05797576904296875,5.016304969787598,2.26755690574646,0.7357120513916016,3.8823534011840826,12.740164756774902,8.919106483459473,0.64697265625,22.913898468017578,0.9357907253269917,0.03626634958382877,0.9576477757464961,0.019195612431444242,0.9321561338289963,0.04708798017348203,0.943115234375,152.76177501678467,0.0008544921875,0.4862060546875,0.0,0.0,0.0,0.512939453125,0.0,0.0006086427267194157,0.0,0.0009216589861751152,0.0,0.0009107468123861566,0.0,0.0008544921875,115.51070040464401,0.943115234375,0.9466552734375,1.4144699573516846
56,full,full,119537664,3592.7777740955353,161272.52840652803,3.6352829942333877e-06,3.6352829942333877e-06,0.0003,0.3652750849723816,0.09666666666666665,1.0,0.09666666666666665,0.0,-0.03720780834555626,0.10797085613012314,-3.559998035430908,0.0012485176557675004,0.003596687223762274,0.061894167214632034,1.6344292163848877,0.09984542429447174,5,0.9748756289482117,0.12077666074037552,1.2798781394958496,1.2712279558181763,False,11.784592628479004,0.5932474136352539,0.26722268760204315,0.49314752221107483,0.1683599352836609,0.15932172536849976,0.24806156754493713,0.004707217216491699,0.0,3.147125244140625e-05,4.9114227294921875e-05,0.01874828338623047,0.009498256258666515,1860.0,0.9618279569892473,0.0,0.024731182795698924,0.00913978494623656,0.0,0.004301075268817204,12.110937208869014,1.7469047956569221,7.450396537780762,0.18517903983592987,0.06294012069702148,1.1343560598886322,0.0014147758483886719,0.008261915296316147,-0.0019982345402240753,-0.00017340033082291484,-0.0004225475713610649,0.008530616760253906,-0.00015020370483398438,0.0,-7.820128666935489e-05,0.013969944790005684,0.9541546664576789,0.9466552734375,0.09936332516372204,0.09930641949176788,0.09936340898275375,0.09966348856687546,0.09911998361349106,,,,,,,,,,,,,,,,,,,,,,,,,,,,,,,,,,,,,,,,,115.5106504112482,nan,0.9466552734375,1.4883921146392822
57,full,full,121634816,3607.574436187744,160899.05663239348,3.4077413635273735e-06,3.4077413635273735e-06,0.0003,0.4594345688819885,0.09333333333333332,1.0,0.09333333333333332,0.0,-0.016688857227563858,0.09127756953239441,-3.5601513385772705,0.0012884282041341066,0.0031745911110192537,0.08394845575094223,1.9095423221588135,0.1075056791305542,5,0.9788631796836853,0.10303262621164322,1.0428698062896729,1.038865327835083,False,14.062426567077637,0.640864372253418,0.27988261729478836,0.5068032741546631,0.15996873378753662,0.1643797755241394,0.28837868571281433,0.004117369651794434,0.0,2.002716064453125e-05,2.6226043701171875e-05,0.01642322540283203,0.008957665413618088,1756.0,0.9578587699316629,0.0,0.027904328018223234,0.0056947608200455585,0.0,0.008542141230068337,16.376753864447085,2.1266020685773777,5.2811737060546875,0.162079319357872,0.06037473678588867,1.1188409499269438,0.0018596649169921875,0.006252702325582504,-0.0019983400125056505,-0.00013894613948650658,-0.0003680493973661214,0.008020401000976562,-0.00014066696166992188,0.0,-0.0001091957456083037,0.011517902836203575,0.9541546664576789,0.9466552734375,0.09936228953301907,0.09930138289928436,0.09936756640672684,0.09965640306472778,0.09912380576133728,,,,,,,,,,,,,,,,,,,,,,,,,,,,,,,,,,,,,,,,,115.51116002351046,nan,0.9466552734375,1.4831688404083252
58,full,full,123731968,3622.16410446167,163653.56139497223,3.229863154267326e-06,3.229863154267326e-06,0.0003,0.43837645649909973,0.08999999999999997,1.0,0.08999999999999997,0.0,-0.013518445193767548,0.07315351068973541,-3.5601940155029297,0.0014392022276297212,0.007222366519272327,0.08157102763652802,2.5561015605926514,0.0640256404876709,5,0.9808149933815002,0.07887856662273407,0.8043068647384644,0.8019757270812988,False,15.851688385009766,0.7379326820373535,0.30028923600912094,0.5420889854431152,0.16515648365020752,0.17096072435379028,0.3229507505893707,0.0036187171936035156,0.0,1.0013580322265625e-05,1.0967254638671875e-05,0.014453887939453125,0.006547339726239443,1453.0,0.9683413626978665,0.0,0.018582243633860976,0.0041293874741913286,0.0,0.008947006194081212,20.660270078180528,1.9232349960211632,4.732337474822998,0.13616488873958588,0.05246448516845703,1.0991137180075619,0.0014834403991699219,0.004679626319557428,-0.0019986270926892757,-8.830021397443488e-05,-0.00022646802244707942,0.006709098815917969,-7.867813110351562e-05,0.0,-9.052753739524633e-05,0.008906126953661442,0.9541546664576789,0.9466552734375,0.09936154261231422,0.099300317466259,0.09936170279979706,0.099655382335186,0.09912876784801483,,,,,,,,,,,,,,,,,,,,,,,,,,,,,,,,,,,,,,,,,115.51113718748093,nan,0.9466552734375,1.4624438285827637
59,full,full,125829120,3636.7545959949493,164139.15117384377,3.1023231194288676e-06,3.1023231194288676e-06,0.0003,0.3525894582271576,0.08666666666666667,1.0,0.08666666666666667,0.0,0.0893593579530716,0.05349923297762871,-3.560229539871216,0.0006202886579558253,0.0008275985601358116,0.06852506101131439,4.9802141189575195,0.06382904946804047,5,0.9792729616165161,0.05486460030078888,0.5642653703689575,0.5669242143630981,False,16.098228454589844,0.8611226081848145,0.3268229812383652,0.5990976095199585,0.18945109844207764,0.18536615371704102,0.33337706327438354,0.002888917922973633,0.0,9.5367431640625e-06,3.528594970703125e-05,0.011510848999023438,0.0044664922170341015,1083.0,0.948291782086796,0.0,0.028624192059095107,0.007386888273314866,0.0,0.01569713758079409,24.77346640701071,3.449404955130425,6.158709526062012,0.11220604181289673,0.038242340087890625,1.0405332372194513,0.0016455650329589844,0.0037119602784514427,-0.001998982159420848,-4.763356992043555e-05,-0.0001241864956682548,0.004897117614746094,-9.298324584960938e-05,0.0,-0.0001169204551842995,0.0062283738516271114,0.9541546664576789,0.9466552734375,0.09936060570180416,0.09929855912923813,0.09936468303203583,0.09965811669826508,0.09912106394767761,,,,,,,,,,,,,,,,,,,,,,,,,,,,,,,,,,,,,,,,,115.51129461079836,nan,0.9466552734375,1.4706847667694092
60,full,full,127926272,3963.447247028351,165539.25492894225,3.025605062049905e-06,3.025605062049905e-06,0.0003,0.23818036913871765,0.08333333333333331,1.0,0.08333333333333331,0.0,0.00011165386240463704,0.030731499195098877,-3.56025767326355,0.002735456917434931,0.023367786779999733,0.04832882061600685,6.16227912902832,0.03290960192680359,5,0.977569580078125,0.04121790826320648,0.4578418433666229,0.45772916078567505,False,16.603097915649414,0.8953537940979004,0.3342982567846775,0.6318888068199158,0.2101621776819229,0.1917823851108551,0.30335965752601624,0.0017833709716796875,0.0,6.67572021484375e-06,2.86102294921875e-06,0.0071239471435546875,0.004807958845049143,518.0,0.9536679536679536,0.0,0.025096525096525095,0.005791505791505791,0.0,0.015444015444015444,28.639338731443996,1.6679772336510619,8.44106388092041,0.12180010974407196,0.016471385955810547,1.1129752455273139,0.0008702278137207031,0.004230569116771221,-0.0019995132461190224,-5.887634324608371e-05,-9.786741429707035e-05,0.0023555755615234375,-3.814697265625e-05,0.0,-6.222727824933827e-05,0.0043295142240822315,0.9541546664576789,0.9505615234375,0.09936000965535641,0.09929221868515015,0.09936446696519852,0.09966011345386505,0.09912323951721191,0.9505615234375,0.0164794921875,0.0,0.0277099609375,0.0052490234375,0.0,0.0,8192.0,1.971587896347046,0.06929931640625,4.929014110565188,2.2654433250427246,0.7757497787475587,3.8368741035461436,12.747206687927246,9.02255916595459,0.6624755859375,22.9303035736084,0.9444444444444444,0.029589371980676328,0.9666566536497446,0.018624211474917392,0.9370127845338322,0.04957904583723106,0.9505615234375,312.25562810897827,0.001220703125,0.4761962890625,0.0,0.0,0.0,0.5225830078125,0.0,0.0012345679012345679,0.0,0.0011979634621144056,0.0,0.0012372409526755336,0.0,0.001220703125,115.51132126152515,0.9505615234375,0.9505615234375,1.4793415069580078
